Date,Year,OutsideDryBulb_C,CoolingThermal_kWh,ChillerLoad_kWh,CoolingElectricity_kWh,SystemFans_kWh,SystemPumps_kWh,Auxiliary_kWh,HVACElectricity_kWh,AirTemperature_C,OperativeTemperature_C,RoomElectricity_kWh,Lighting_kWh,OccupancyGains_kWh,HeatingGas_kWh,CO2_kg
2020-01-01,2020,13.40417,1537.243,1546.0,1254.389,374.4874,2.75222,0.089348,1631.717968,21.1524,21.09957,2871.59,1301.508,1376.125,2939.637,4069.074
2020-01-02,2020,14.51181,1595.006,1609.826,1307.356,374.6424,2.569082,0.064481,1684.6319629999998,21.21704,21.17925,2871.59,1309.427,1368.446,2105.999,3949.581
2020-01-03,2020,15.88403,1709.521,1715.891,1391.514,374.9421,2.188968,0.034226,1768.6792939999998,21.3195,21.3045,2871.59,1289.508,1357.245,1104.263,3800.557
2020-01-04,2020,14.25521,1469.821,1471.641,1125.694,373.6584,2.68678,0.129476,1502.168656,20.03506,20.20557,273.4755,0.0,0.0,4226.858,1868.829
2020-01-05,2020,14.22118,1104.509,1109.791,912.3229,373.6584,2.380965,0.16059,1288.522855,19.99994,19.90131,273.4755,0.0,0.0,5263.497,1933.792
2020-01-06,2020,13.37708,1226.161,1233.965,981.3025,373.6714,2.332693,0.107977,1357.41457,20.78701,20.52616,2871.59,1289.286,1418.08,3565.432,4012.813
2020-01-07,2020,17.5,2573.52,2592.688,1713.898,373.9546,3.322687,0.043063,2091.21835,21.17809,21.07192,2871.59,1319.013,1373.827,1395.871,4068.59
2020-01-08,2020,15.54826,2187.621,2209.897,1454.812,374.7917,3.963673,0.052829,1833.6202019999998,21.3491,21.35217,2871.59,1310.242,1355.933,1718.196,3967.625
2020-01-09,2020,16.78924,2381.987,2382.834,1873.013,375.3624,3.041158,0.023508,2251.440066,21.48523,21.54059,2871.59,1307.818,1340.567,756.6609,4039.01
2020-01-10,2020,14.34931,1515.184,1522.673,1229.274,374.959,2.116479,0.053029,1606.402508,21.36706,21.39216,2871.59,1310.272,1353.177,1722.336,3830.727
2020-01-11,2020,15.2625,1388.249,1398.703,1101.172,373.6584,2.216611,0.095648,1477.142659,20.04558,20.27204,273.4755,0.0,0.0,3098.633,1642.053
2020-01-12,2020,16.49306,2006.573,2011.031,1537.169,373.6584,3.03563,0.125352,1913.9883820000002,20.00059,20.00475,273.4755,0.0,0.0,4080.037,2090.854
2020-01-13,2020,16.82778,2288.584,2318.72,1880.607,373.7301,3.182403,0.051676,2257.5711789999996,21.091,20.95122,2871.59,1261.326,1381.97,1679.339,4187.608
2020-01-14,2020,12.64931,1223.677,1232.984,1013.596,373.9518,2.859316,0.091086,1390.498202,21.07055,21.02165,2871.59,1297.082,1384.126,2993.618,3930.337
2020-01-15,2020,14.76181,1120.895,1120.173,920.8576,374.0753,1.837207,0.052144,1296.822251,21.07602,21.00877,2871.59,1283.15,1382.259,1687.352,3620.123
2020-01-16,2020,15.73368,1602.564,1604.115,1318.691,374.2228,2.354991,0.049093,1695.317884,21.11391,21.05299,2871.59,1268.934,1377.431,1587.948,3834.352
2020-01-17,2020,15.45938,1727.261,1744.385,1434.002,374.4682,2.853765,0.052438,1811.376403,21.21074,21.15588,2871.59,1281.659,1367.525,1699.767,3933.367
2020-01-18,2020,12.67431,887.6179,888.1473,730.1169,373.6584,2.521194,0.152481,1106.448975,20.01932,20.13648,273.4755,0.0,0.0,4999.166,1773.877
2020-01-19,2020,12.64236,734.92,745.1951,612.6006,373.6584,2.842938,0.188741,989.2906790000001,19.99887,19.86874,273.4755,0.0,0.0,6228.084,1933.375
2020-01-20,2020,13.59306,1072.715,1075.133,883.8318,373.66,2.304673,0.104912,1259.9013850000001,20.7393,20.45845,2871.59,1308.913,1422.806,3455.051,3944.911
2020-01-21,2020,16.49722,1992.572,2003.157,1646.73,373.8292,3.296876,0.053805,2023.9098810000003,21.00594,20.85877,2871.59,1264.627,1390.234,1745.522,4060.424
2020-01-22,2020,16.7993,2170.083,2186.584,1797.52,374.0685,3.316508,0.042132,2174.9471399999998,21.13795,21.08993,2871.59,1265.198,1374.482,1360.642,4080.11
2020-01-23,2020,15.15139,1258.724,1249.568,1027.229,374.2943,2.4678,0.044391,1404.0354909999999,21.14903,21.13,2871.59,1298.568,1372.943,1432.855,3646.705
2020-01-24,2020,15.70278,1564.504,1577.776,1297.038,374.3366,2.454,0.048591,1673.877191,21.1261,21.07539,2871.59,1280.221,1377.353,1571.759,3825.163
2020-01-25,2020,14.19375,967.5193,979.8723,805.5211,373.6584,2.296328,0.116138,1181.591966,20.01717,20.16441,273.4755,0.0,0.0,3780.373,1590.817
2020-01-26,2020,13.34792,1065.717,1065.057,875.5488,373.6584,3.084468,0.184398,1252.4760660000002,19.99883,19.87825,273.4755,0.0,0.0,6079.319,2064.963
2020-01-27,2020,12.77431,620.4702,622.9003,512.066,373.6624,1.656198,0.103755,887.488353,20.74689,20.46972,2871.59,1284.922,1421.871,3406.797,3695.64
2020-01-28,2020,13.05417,830.8422,834.1193,685.7023,373.7788,1.899551,0.097944,1061.478595,20.84932,20.65056,2871.59,1276.419,1409.199,3218.54,3760.616
2020-01-29,2020,13.83194,777.1479,766.2003,629.8683,373.9389,1.362612,0.068316,1005.238128,20.9781,20.84626,2871.59,1243.039,1393.457,2222.986,3519.58
2020-01-30,2020,13.47569,990.8665,1010.878,831.0103,374.0114,2.31242,0.086471,1207.420591,20.95416,20.84956,2871.59,1336.515,1394.485,2828.88,3812.39
2020-01-31,2020,14.10382,705.3797,717.932,590.1885,374.143,1.345581,0.06024,965.7373210000001,21.01519,20.90513,2871.59,1238.389,1389.693,1953.722,3442.321
2020-02-01,2020,13.29583,356.9542,355.6609,292.3773,373.6584,2.124672,0.182813,668.343185,20.00272,20.01942,273.4755,0.0,0.0,6018.819,1699.631
2020-02-02,2020,13.63368,392.5901,381.2989,313.4534,373.6584,2.584015,0.213141,689.9089559999999,19.99114,19.72313,273.4755,0.0,0.0,7052.998,1906.671
2020-02-03,2020,14.16285,753.0765,770.7152,633.5799,373.6584,1.861559,0.090709,1009.190568,20.70705,20.38413,2871.59,1234.523,1426.781,2971.245,3657.157
2020-02-04,2020,13.82361,851.8077,850.4444,699.1226,373.7841,1.722831,0.077522,1074.707053,20.88894,20.70624,2871.59,1235.628,1404.329,2527.159,3614.237
2020-02-05,2020,14.19514,1105.958,1107.276,910.2557,373.928,1.849261,0.072383,1286.105344,20.9578,20.83031,2871.59,1238.436,1396.505,2358.354,3712.385
2020-02-06,2020,14.30417,1187.256,1194.461,981.9271,374.0396,1.8369,0.069511,1357.8731109999999,20.99542,20.89674,2871.59,1239.84,1391.474,2260.563,3738.386
2020-02-07,2020,15.99722,1729.211,1740.599,1430.889,374.2709,2.499132,0.047143,1807.7061749999998,21.12902,21.06726,2871.59,1213.609,1376.888,1525.932,3857.302
2020-02-08,2020,14.73021,1146.102,1153.777,946.9093,373.6584,2.468334,0.1109,1323.1469339999999,20.0179,20.1743,273.4755,0.0,0.0,3601.145,1642.983
2020-02-09,2020,13.92674,943.2098,950.7784,781.6039,373.6584,2.564211,0.153655,1157.9801659999998,20.00024,19.94182,273.4755,0.0,0.0,5031.303,1811.132
2020-02-10,2020,12.32049,682.5935,684.4708,562.6812,373.6656,2.00941,0.108158,938.464368,20.79206,20.55291,2871.59,1273.267,1416.47,3564.719,3749.088
2020-02-11,2020,13.02049,882.3783,878.0712,721.8337,373.8001,1.9326,0.097301,1097.6637010000002,20.85945,20.68319,2871.59,1257.233,1407.293,3188.292,3765.244
2020-02-12,2020,14.89826,1110.677,1117.833,918.9338,373.9498,1.690367,0.060852,1294.634819,20.97462,20.83286,2871.59,1285.866,1394.175,1974.606,3674.321
2020-02-13,2020,15.08438,1215.659,1225.542,1007.478,374.0859,1.879798,0.055826,1383.4995239999998,21.01023,20.91257,2871.59,1241.626,1389.217,1807.608,3670.041
2020-02-14,2020,13.11701,991.0112,1006.711,823.9001,374.1766,2.110097,0.08786,1200.2746570000002,20.97831,20.87883,2871.59,1239.799,1394.958,2880.125,3759.061
2020-02-15,2020,11.79028,206.7191,206.5806,169.8232,373.6584,1.790542,0.173737,545.4458789999999,20.00742,20.02114,273.4755,0.0,0.0,5715.894,1568.339
2020-02-16,2020,13.68403,760.2861,757.9797,623.1104,373.6584,2.739424,0.194606,999.7028300000001,19.99836,19.74854,273.4755,0.0,0.0,6420.28,1975.733
2020-02-17,2020,13.22431,291.0551,293.1371,240.9784,373.6584,1.283943,0.103895,616.024638,20.65314,20.321,2871.59,1304.395,1432.14,3408.3,3543.216
2020-02-18,2020,12.53264,333.8942,340.8542,280.2051,373.7149,1.472767,0.11275,655.505517,20.68347,20.42195,2871.59,1250.779,1429.911,3694.897,3588.404
2020-02-19,2020,12.73403,612.5868,610.1542,501.5879,373.8212,1.900181,0.107402,877.4166829999999,20.77051,20.54128,2871.59,1212.663,1419.677,3529.197,3668.705
2020-02-20,2020,14.51597,1713.227,1723.719,1279.037,373.9464,2.926488,0.09559,1656.005478,20.90014,20.73207,2871.59,1254.964,1403.638,3141.207,4093.393
2020-02-21,2020,14.32153,1003.377,1005.74,826.786,374.1477,1.88418,0.061505,1202.879385,21.00272,20.92817,2871.59,1254.896,1391.501,1995.293,3603.83
2020-02-22,2020,12.62292,282.9944,292.3464,240.3285,373.6584,1.851026,0.169861,616.007787,20.0071,20.02854,273.4755,0.0,0.0,5589.254,1587.347
2020-02-23,2020,10.92813,0.113185,0.078186,0.064274,373.6584,2.596282,0.26575,376.584706,19.98571,19.63082,273.4755,0.0,0.0,8887.274,2060.833
2020-02-24,2020,12.0125,282.6903,265.4532,218.2204,373.6584,1.716432,0.149547,593.744779,20.51873,20.09475,2871.59,1229.626,1449.591,4965.654,3776.501
2020-02-25,2020,10.03021,7.473673,10.74627,8.834154,373.6704,1.824833,0.166258,384.495645,20.57474,20.23013,2871.59,1323.599,1441.461,5524.813,3811.52
2020-02-26,2020,13.83021,1120.25,1129.293,924.5646,373.7417,2.538057,0.12105,1300.965407,20.67605,20.34565,2871.59,1251.174,1431.04,3993.564,4035.81
2020-02-27,2020,15.59757,1582.136,1592.677,1305.925,373.9226,2.246174,0.065574,1682.1593480000001,20.93775,20.74937,2871.59,1228.508,1398.476,2134.389,3904.37
2020-02-28,2020,15.74583,1623.716,1622.356,1331.812,374.1477,2.159831,0.050778,1708.1703089999999,21.06337,20.9563,2871.59,1279.177,1383.31,1643.614,3858.789
2020-03-01,2020,15.56667,1431.731,1444.887,1187.795,373.6584,2.453565,0.107399,1564.0143640000001,20.01089,20.13221,273.4755,0.0,0.0,3484.383,1767.048
2020-03-02,2020,15.91875,2436.493,2445.609,1582.563,373.6584,3.65111,0.142337,1960.0148470000001,19.99996,19.88982,273.4755,0.0,0.0,4646.599,2225.01
2020-03-03,2020,16.20799,2070.244,2098.109,1665.294,373.6888,2.786265,0.059233,2041.8282980000001,20.91362,20.7131,2871.59,1212.354,1400.76,1926.674,4073.582
2020-03-04,2020,16.51146,2008.564,2007.347,1638.596,373.9223,2.793894,0.04406,2015.3562539999998,21.07655,21.00145,2871.59,1253.643,1382.257,1424.157,3988.308
2020-03-05,2020,13.50174,449.7308,467.6031,384.4012,374.1011,1.039676,0.05534,759.597316,21.07363,21.01604,2871.59,1345.521,1379.434,1789.609,3351.541
2020-03-06,2020,12.79757,436.0574,435.0692,357.6562,374.0898,1.351147,0.084682,733.1818290000001,20.93193,20.80302,2871.59,1224.702,1397.739,2761.244,3444.557
2020-03-07,2020,14.83333,1495.616,1488.428,1205.451,374.1006,2.268881,0.083508,1581.903989,20.918,20.75305,2871.59,1265.531,1401.31,2725.805,3976.978
2020-03-08,2020,16.5441,2436.429,2449.139,1954.979,373.6584,3.369577,0.114504,2332.121481,20.00662,20.07765,273.4755,0.0,0.0,3718.899,2276.507
2020-03-09,2020,15.59826,1478.946,1498.265,1231.675,373.6584,2.996408,0.144431,1608.474239,20.00014,19.9637,273.4755,0.0,0.0,4717.699,2025.312
2020-03-10,2020,15.70521,1543.201,1550.789,1274.853,373.6869,3.05981,0.074827,1651.6745369999999,20.81827,20.64552,2871.59,1186.263,1414.854,2443.434,3918.26
2020-03-11,2020,15.45521,1440.091,1453.179,1194.611,373.9431,2.630759,0.052797,1571.237656,21.01217,20.93462,2871.59,1183.817,1390.455,1710.871,3730.634
2020-03-12,2020,14.74097,1042.607,1046.632,860.402,374.1236,1.980209,0.051027,1236.556836,21.058,21.01591,2871.59,1183.268,1385.495,1651.36,3516.323
2020-03-13,2020,13.30903,993.9005,1001.939,823.6613,374.2848,1.765208,0.076308,1199.787616,21.06905,21.00388,2871.59,1181.202,1385.096,2496.064,3651.222
2020-03-14,2020,14.63368,1052.404,1054.737,867.065,374.4341,1.999437,0.051553,1243.55009,21.10862,21.07426,2871.59,1167.226,1379.655,1670.516,3514.433
2020-03-15,2020,13.57743,880.5588,887.4482,729.5423,373.6584,2.441848,0.134567,1105.7771149999999,20.01681,20.13188,273.4755,0.0,0.0,4392.241,1659.635
2020-03-16,2020,13.17257,1060.62,1062.57,869.764,373.6584,3.131911,0.183397,1246.7377079999999,19.99844,19.89104,273.4755,0.0,0.0,6054.76,2056.879
2020-03-17,2020,13.56493,1316.565,1320.386,1066.952,373.6803,2.774425,0.106191,1443.5129160000001,20.79888,20.56004,2871.59,1171.566,1416.032,3512.439,3983.711
2020-03-18,2020,14.55417,1156.748,1158.797,952.6089,373.9278,1.814142,0.05721,1328.4080519999998,21.0496,20.94934,2871.59,1170.888,1385.419,1859.658,3603.551
2020-03-19,2020,15.1559,2092.603,2107.836,1488.11,374.2206,2.921807,0.072126,1865.3245329999997,21.13657,21.07347,2871.59,1212.796,1377.89,2364.656,4049.036
2020-03-20,2020,16.84896,2210.136,2221.872,1824.314,374.6733,3.279436,0.030511,2202.297247,21.27425,21.28829,2871.59,1178.381,1361.338,983.121,3973.265
2020-03-21,2020,16.01389,1749.062,1741.952,1432.002,375.001,2.533148,0.03457,1809.570718,21.28953,21.34545,2871.59,1138.293,1359.03,1113.822,3735.494
2020-03-22,2020,14.25903,704.854,709.4752,583.2364,373.6584,1.443933,0.110415,958.449148,20.03197,20.23138,273.4755,0.0,0.0,3585.71,1419.081
2020-03-23,2020,14.24514,810.8975,840.6765,690.9604,373.6584,2.206767,0.154879,1066.9804459999998,19.99979,19.91665,273.4755,0.0,0.0,5068.821,1763.024
2020-03-24,2020,13.12361,1036.051,1031.86,848.2587,373.6898,2.414953,0.104829,1224.468282,20.81193,20.57464,2871.59,1191.055,1413.776,3467.382,3854.33
2020-03-25,2020,16.41319,2184.761,2189.66,1581.7,374.0019,3.062561,0.05372,1958.818181,21.09961,21.00672,2871.59,1160.758,1380.83,1747.963,3958.491
2020-03-26,2020,15.775,1750.822,1766.344,1452.054,374.3688,2.195828,0.038469,1828.657097,21.20578,21.22324,2871.59,1176.482,1367.566,1243.204,3794.469
2020-03-27,2020,15.78681,1626.881,1629.286,1339.383,374.6944,2.216739,0.034126,1716.328265,21.25426,21.27868,2871.59,1135.883,1363.737,1100.863,3675.098
2020-03-28,2020,14.9434,1620.545,1629.63,1337.089,374.8544,2.14143,0.051421,1714.1362509999997,21.24522,21.24421,2871.59,1174.281,1365.665,1671.143,3804.001
2020-03-29,2020,18.63437,3522.066,3543.434,2019.569,373.6584,5.679799,0.085425,2398.992624,20.03183,20.31118,273.4755,0.0,0.0,2770.993,2139.241
2020-03-30,2020,16.76528,2089.748,2110.061,1730.743,373.6584,3.804012,0.083399,2108.288811,20.0002,20.26086,273.4755,0.0,0.0,2694.333,1948.697
2020-03-31,2020,15.98681,1717.318,1727.608,1420.21,373.8113,3.020909,0.041082,1797.0832910000001,21.14614,21.06882,2871.59,1138.61,1374.867,1331.875,3769.016
2020-04-01,2020,16.77847,2169.846,2170.195,1772.302,374.3341,2.953059,0.031295,2149.6204539999994,21.29259,21.30479,2871.59,1159.262,1358.464,1010.331,3934.86
2020-04-02,2020,16.95278,2279.244,2289.378,1882.023,374.9743,2.991625,0.023614,2260.0125390000003,21.39618,21.44724,2871.59,1122.926,1349.204,760.3026,3932.843
2020-04-03,2020,17.58889,2655.26,2672.409,2157.663,376.4516,3.477965,0.017179,2537.609744,21.55391,21.63208,2871.59,1161.675,1333.466,552.7316,4085.617
2020-04-04,2020,15.63333,1618.803,1626.801,1337.339,376.0668,2.273654,0.018941,1715.6983950000001,21.54004,21.63287,2871.59,1179.109,1336.385,609.2621,3608.707
2020-04-05,2020,16.06389,1814.741,1823.358,1496.322,373.6584,2.722516,0.067112,1872.770028,20.0647,20.42005,273.4755,0.0,0.0,2164.524,1706.602
2020-04-06,2020,14.86319,1396.239,1406.356,1156.06,373.6584,2.703539,0.12087,1532.542809,20.00001,20.12534,273.4755,0.0,0.0,3936.414,1832.76
2020-04-07,2020,15.68194,2021.168,2021.596,1542.639,373.7664,2.944504,0.066317,1919.416221,21.05402,20.92049,2871.59,1141.516,1386.531,2178.138,4003.636
2020-04-08,2020,17.68611,2905.635,2932.384,1886.796,374.5218,3.699102,0.034849,2265.051751,21.35329,21.35543,2871.59,1131.667,1356.085,1129.943,4010.524
2020-04-09,2020,17.75486,2754.733,2762.734,2196.029,376.8004,3.510276,0.011517,2576.351193,21.61272,21.72084,2871.59,1122.629,1328.859,370.4754,4051.248
2020-04-10,2020,17.55,2862.704,2878.577,1913.27,378.7164,3.294981,0.015957,2295.297338,21.69463,21.80564,2871.59,1167.182,1324.989,514.022,3934.852
2020-04-11,2020,18.83681,4105.056,4121.563,2118.631,383.657,4.65848,0.01288,2506.9593600000003,21.87007,22.00826,2871.59,1166.147,1310.651,414.7367,4043.87
2020-04-12,2020,21.41945,5524.647,5555.541,2821.191,373.6584,6.298913,0.003961,3201.1522739999996,20.39972,20.98264,273.4755,0.0,0.0,127.4142,2129.52
2020-04-13,2020,20.82292,4908.093,4935.663,2734.922,373.6584,5.544586,0.012162,3114.137148,20.10744,20.62908,273.4755,0.0,0.0,391.2077,2126.266
2020-04-14,2020,18.78958,3321.106,3343.082,2492.591,375.5593,4.182702,0.010322,2872.343324,21.62545,21.71782,2871.59,1150.521,1323.019,332.0148,4240.308
2020-04-15,2020,17.96458,3002.94,3015.8,2065.364,379.5358,3.454162,0.007166,2448.361128,21.80339,21.95572,2871.59,1125.673,1312.482,230.5164,3949.28
2020-04-16,2020,19.93819,5529.284,5561.017,2645.921,384.5916,6.223153,0.006788,3036.742541,21.94373,22.10331,2871.59,1134.753,1304.504,218.332,4309.057
2020-04-17,2020,20.07431,5353.121,5383.369,3034.046,394.674,5.893759,0.001802,3434.615561,22.1913,22.40082,2871.59,1180.758,1283.094,57.9771,4547.97
2020-04-18,2020,19.40764,3901.126,3931.117,2543.54,396.8214,5.537183,0.002057,2945.90064,22.2282,22.4473,2871.59,1129.957,1284.175,66.15055,4222.557
2020-04-19,2020,19.11354,3499.379,3514.537,2118.82,373.6584,4.218742,0.008944,2496.706086,20.46198,21.06655,273.4755,0.0,0.0,287.7032,1732.69
2020-04-20,2020,19.29792,3499.955,3518.127,2190.035,373.6584,4.624319,0.029815,2568.3475339999995,20.03825,20.49535,273.4755,0.0,0.0,959.1829,1902.048
2020-04-21,2020,17.68924,2694.053,2709.577,2131.428,374.5518,3.268709,0.01792,2509.266429,21.48388,21.5394,2871.59,1138.86,1338.244,576.7532,4059.121
2020-04-22,2020,17.61493,2668.137,2686.483,2124.114,376.1444,3.471725,0.013752,2503.743877,21.58303,21.713,2871.59,1111.451,1332.253,442.3486,4013.955
2020-04-23,2020,18.68507,3313.999,3329.72,2364.687,380.4437,4.391417,0.010888,2749.5330049999993,21.7704,21.89468,2871.59,1111.066,1316.438,350.2303,4145.392
2020-04-24,2020,18.9243,4540.942,4556.294,2648.371,383.7056,5.217582,0.006533,3037.3007150000008,21.91699,22.08631,2871.59,1215.62,1300.345,210.159,4356.867
2020-04-25,2020,18.53333,4662.124,4688.141,3001.689,383.9505,4.998069,0.008291,3390.64586,21.88727,22.06654,2871.59,1134.554,1309.705,266.6828,4532.47
2020-04-26,2020,19.41736,5006.194,5035.042,2821.612,373.6584,5.562993,0.019593,3200.852986,20.17725,20.70205,273.4755,0.0,0.0,630.2424,2223.649
2020-04-27,2020,19.73195,5372.824,5405.018,2591.677,373.6584,6.163366,0.048029,2971.546795,20.00368,20.37822,273.4755,0.0,0.0,1546.701,2256.581
2020-04-28,2020,24.26528,6986.013,7024.37,3479.927,377.5406,8.243166,0.012197,3865.722963,21.90253,21.96309,2871.59,1172.725,1311.413,392.3333,4867.064
2020-04-29,2020,27.02535,10116.65,10175.12,3942.535,440.7936,12.2747,0.0,4395.6033,22.82945,23.11144,2871.59,1142.407,1251.576,0.0,5096.213
2020-04-30,2020,21.99201,9383.701,9430.81,3644.614,496.066,10.88918,0.0,4151.56918,23.21203,23.69428,2871.59,1182.695,1232.665,0.0,4972.743
2020-05-01,2020,20.96319,6459.063,6494.569,3333.007,441.2685,7.244222,2.1e-05,3781.519743,22.85929,23.24795,2871.59,1155.819,1248.153,0.676809,4732.333
2020-05-02,2020,19.12535,4043.972,4070.382,2757.98,421.7635,4.435549,0.00015,3184.1791989999997,22.68657,23.02718,2871.59,1102.693,1258.286,4.83422,4338.931
2020-05-03,2020,17.55729,2648.129,2665.947,1956.863,373.6584,3.113401,0.007648,2333.642449,20.59853,21.23338,273.4755,0.0,0.0,246.0113,1626.054
2020-05-04,2020,18.13715,2857.117,2873.262,2284.697,373.6584,3.615812,0.047144,2662.018356,20.01836,20.43579,273.4755,0.0,0.0,1516.546,2063.351
2020-05-05,2020,18.53993,3269.753,3282.638,2449.693,374.2392,3.682338,0.022226,2827.6367640000003,21.43185,21.46599,2871.59,1088.59,1347.162,717.0732,4247.907
2020-05-06,2020,19.26181,4116.686,4138.432,2697.043,378.0383,4.400884,0.008201,3079.4903850000005,21.73524,21.86015,2871.59,1089.199,1319.884,263.8078,4315.885
2020-05-07,2020,20.17951,5349.221,5380.116,2988.797,384.4212,5.79394,0.003888,3379.0160280000005,21.96767,22.12338,2871.59,1105.986,1303.952,125.0611,4481.547
2020-05-08,2020,20.76076,5600.475,5633.072,3051.131,394.8096,6.181471,0.001389,3452.12346,22.24808,22.4557,2871.59,1099.813,1285.564,44.68472,4507.034
2020-05-09,2020,20.825,6713.544,6751.627,3411.98,409.8299,7.385282,0.00013,3829.1953120000003,22.51248,22.78376,2871.59,1101.687,1265.562,4.182309,4729.078
2020-05-10,2020,19.91042,5638.607,5672.369,3262.154,373.6584,6.030357,0.001015,3641.8437719999997,20.69208,21.32603,273.4755,0.0,0.0,32.64699,2378.805
2020-05-11,2020,20.97639,7848.627,7893.164,3449.865,373.6584,8.898561,0.0189,3832.4408609999996,20.05085,20.55005,273.4755,0.0,0.0,607.9542,2602.211
2020-05-12,2020,21.93715,7432.841,7473.468,3340.169,378.3078,8.348002,0.00711,3726.831912,21.87152,21.97489,2871.59,1115.249,1309.771,228.715,4717.378
2020-05-13,2020,21.62951,7845.291,7890.92,3480.526,400.9096,8.848407,7e-06,3890.284014,22.45308,22.69204,2871.59,1079.463,1269.684,0.209307,4751.885
2020-05-14,2020,23.27222,10516.39,10595.48,3857.744,418.696,12.31196,5e-06,4288.751965,22.70533,22.98872,2871.59,1105.739,1258.2,0.163737,5009.271
2020-05-15,2020,26.25556,12650.95,13116.21,4355.284,489.0727,15.91829,0.0,4860.274989999999,23.05676,23.43539,2871.59,1154.151,1240.858,0.0,5384.92
2020-05-16,2020,30.13785,17026.42,17958.44,5265.908,672.4216,26.55177,0.0,5964.88137,23.45444,24.00684,2871.59,1079.675,1231.606,0.0,6009.179
2020-05-17,2020,24.99618,11263.78,11322.64,3883.422,385.8913,13.10966,0.0,4282.42296,22.97955,23.75923,273.4755,0.0,0.0,0.0,2760.872
2020-05-18,2020,22.79722,9336.812,9388.597,3639.176,373.6584,10.5861,0.0,4023.4204999999997,21.85579,22.57294,273.4755,0.0,0.0,0.0,2603.916
2020-05-19,2020,23.12639,9995.562,10050.79,3774.617,420.9286,11.60839,0.0,4207.153990000001,22.76027,23.07157,2871.59,1077.39,1252.701,0.0,4942.612
2020-05-20,2020,29.75382,13306.66,13484.78,4488.281,591.8124,16.81247,0.0,5096.90587,23.29234,23.7727,2871.59,1190.16,1234.128,0.0,5550.14
2020-05-21,2020,23.77813,11784.84,11843.24,3933.105,632.456,14.43835,0.0,4579.99935,23.57275,24.22676,2871.59,1087.756,1228.641,0.0,5174.838
2020-05-22,2020,21.8059,9733.063,9788.213,3685.15,509.4281,11.37079,0.0,4205.94889,23.30116,23.82934,2871.59,1101.602,1234.582,0.0,4956.554
2020-05-23,2020,21.66354,9067.117,9114.812,3617.898,470.7734,10.37701,0.0,4099.04841,23.11288,23.56172,2871.59,1083.156,1241.252,0.0,4880.595
2020-05-24,2020,21.8066,6423.658,6460.296,3374.576,373.6584,6.941806,0.0,3755.1762059999996,21.5641,22.25799,273.4755,0.0,0.0,0.0,2441.36
2020-05-25,2020,21.40972,5604.985,5638.58,2959.69,373.6584,6.092133,6.5e-05,3339.440598,20.68867,21.31972,273.4755,0.0,0.0,2.101075,2189.819
2020-05-26,2020,25.08854,9057.255,9117.02,3773.779,394.6955,10.33275,0.000108,4178.807358,22.33729,22.52054,2871.59,1078.199,1278.045,3.476177,4926.577
2020-05-27,2020,22.2875,9210.279,9258.497,3623.34,443.5452,10.64799,0.0,4077.53319,22.94347,23.3209,2871.59,1117.234,1242.164,0.0,4888.208
2020-05-28,2020,21.23056,8077.739,8122.815,3525.462,433.783,9.131055,0.0,3968.3760549999997,22.83201,23.17942,2871.59,1118.492,1250.408,0.002611,4822.822
2020-05-29,2020,23.36389,9356.525,9408.987,3743.362,440.8268,10.86689,4.1e-05,4195.055731,22.88887,23.23149,2871.59,1104.413,1250.707,1.316879,4951.904
2020-05-30,2020,23.90868,11321.21,11383.14,3903.021,486.9303,13.4831,0.0,4403.434400000001,23.14708,23.59375,2871.59,1076.256,1237.662,0.0,5060.871
2020-05-31,2020,22.93854,8763.725,8810.647,3590.334,373.6584,9.845951,0.0,3973.8383509999994,21.75007,22.45141,273.4755,0.0,0.0,0.0,2573.87
2020-06-01,2020,24.3684,8988.499,9040.884,3737.807,373.6584,10.1177,0.0,4121.5831,21.03061,21.6562,273.4755,0.0,0.0,0.0,2663.403
2020-06-02,2020,28.44167,12763.38,13235.18,4434.68,464.2916,15.89121,0.0,4914.8628100000005,22.83182,23.12749,2871.59,1156.479,1249.068,0.0,5419.411
2020-06-03,2020,23.22153,15168.25,15459.02,4340.49,533.3422,19.1747,0.0,4893.006899999999,23.36214,23.90018,2871.59,1072.218,1230.613,0.0,5355.104
2020-06-04,2020,21.7941,11597.23,11661.67,3906.733,466.1907,13.85625,0.0,4386.77995,23.10803,23.55754,2871.59,1059.582,1241.119,0.0,5040.674
2020-06-05,2020,22.87778,11580.41,11643.14,3883.645,461.4185,13.69996,0.0,4358.76346,23.03932,23.45316,2871.59,1071.651,1242.611,0.0,5031.01
2020-06-06,2020,23.13333,10985.15,11043.99,3847.591,469.3428,12.9354,0.0,4329.8692,23.08383,23.5092,2871.59,1085.603,1241.055,0.0,5021.955
2020-06-07,2020,23.32014,9884.8,9939.323,3735.836,373.6584,11.25553,0.0,4120.74993,21.69042,22.38018,273.4755,0.0,0.0,0.0,2662.898
2020-06-08,2020,23.40069,10801.74,10863.19,3818.271,373.6584,12.45534,0.0,4204.38474,21.05037,21.6932,273.4755,0.0,0.0,0.0,2713.581
2020-06-09,2020,24.06181,12814.65,12884.12,4049.65,404.5779,15.18166,0.0,4469.40956,22.54402,22.78539,2871.59,1087.032,1262.664,0.0,5107.382
2020-06-10,2020,24.85347,13610.88,13685.15,4149.748,460.4491,16.35377,0.0,4626.550869999999,23.02471,23.40629,2871.59,1067.349,1240.26,0.0,5190.682
2020-06-11,2020,25.84097,14853.71,15049.6,4344.757,503.4306,19.47279,0.0,4867.660389999999,23.23449,23.69817,2871.59,1077.097,1234.961,0.0,5342.702
2020-06-12,2020,25.96563,15832.12,15943.83,4508.763,560.205,19.8962,0.0,5088.8642,23.38943,23.93633,2871.59,1080.917,1231.402,0.0,5479.066
2020-06-13,2020,24.68924,15077.7,15299.99,4463.729,556.7433,19.0668,0.0,5039.5391,23.42438,23.98852,2871.59,1103.536,1231.278,0.0,5462.881
2020-06-14,2020,24.61944,11339.52,11399.58,3941.86,373.6584,13.10632,0.0,4328.62472,22.31417,23.04513,273.4755,0.0,0.0,0.0,2788.87
2020-06-15,2020,24.78889,11226.16,11290.33,3894.887,373.6584,12.96171,0.0,4281.50711,21.69908,22.38212,273.4755,0.0,0.0,0.0,2760.317
2020-06-16,2020,25.0625,15606.07,15866.11,4419.968,446.6105,19.32964,0.0,4885.90814,22.93092,23.28641,2871.59,1062.58,1242.568,0.0,5344.962
2020-06-17,2020,25.60764,17354.75,17981.53,4749.874,511.3031,22.46788,0.0,5283.64498,23.26025,23.74226,2871.59,1074.212,1233.431,0.0,5593.04
2020-06-18,2020,26.57222,16534.4,16790.0,4624.687,567.09,20.987,0.0,5212.764,23.40019,23.94385,2871.59,1083.953,1231.629,0.0,5555.989
2020-06-19,2020,25.29583,15559.54,15640.95,4392.741,582.0519,19.53598,0.0,4994.32888,23.48237,24.07204,2871.59,1082.147,1229.928,0.0,5422.523
2020-06-20,2020,24.45139,12052.49,12113.41,3955.398,568.7001,14.6013,0.0,4538.6994,23.44325,24.02636,2871.59,1051.925,1230.524,0.0,5128.097
2020-06-21,2020,24.85174,10602.68,10664.58,3901.708,373.6964,12.23137,0.0,4287.635770000001,22.18598,22.90286,273.4755,0.0,0.0,0.0,2764.031
2020-06-22,2020,24.35521,12651.41,12718.68,3998.965,373.6584,14.87724,0.0,4387.50064,21.73335,22.42396,273.4755,0.0,0.0,0.0,2824.549
2020-06-23,2020,24.43333,12634.78,12703.79,4046.927,443.5219,15.10433,0.0,4505.55323,22.91293,23.26427,2871.59,1073.748,1243.585,0.0,5121.235
2020-06-24,2020,23.98819,12878.13,12946.74,4083.491,491.2794,15.59544,0.0,4590.36584,23.2043,23.66713,2871.59,1059.798,1235.675,0.0,5164.178
2020-06-25,2020,24.05278,13900.02,13974.35,4244.941,514.5695,17.11021,0.0,4776.620709999999,23.29427,23.79657,2871.59,1079.928,1234.034,0.0,5289.248
2020-06-26,2020,24.73819,13122.31,13191.4,4096.834,541.5952,15.97492,0.0,4654.404119999999,23.36489,23.90854,2871.59,1069.284,1231.975,0.0,5208.734
2020-06-27,2020,24.49097,14180.18,14256.85,4230.146,543.291,17.48683,0.0,4790.92383,23.35981,23.90003,2871.59,1053.19,1232.275,0.0,5281.711
2020-06-28,2020,24.51667,11826.5,11888.48,3923.85,373.6584,13.78433,0.0,4311.29273,22.14266,22.85808,273.4755,0.0,0.0,0.0,2778.367
2020-06-29,2020,25.38333,12694.71,12766.96,4063.707,373.6585,14.88524,0.0,4452.2507399999995,21.55695,22.22257,273.4755,0.0,0.0,0.0,2863.787
2020-06-30,2020,25.30139,15077.32,15326.88,4354.142,453.103,18.57189,0.0,4825.81689,22.89843,23.23617,2871.59,1050.768,1243.307,0.0,5301.389
2020-07-01,2020,24.51458,11336.19,11396.8,3903.463,497.7641,13.47725,0.0,4414.70435,23.21575,23.68329,2871.59,1071.435,1234.56,0.0,5064.779
2020-07-02,2020,24.81319,14582.22,14661.05,4284.106,520.9299,17.95549,0.0,4822.99139,23.30494,23.8142,2871.59,1081.695,1233.149,0.0,5318.418
2020-07-03,2020,25.38646,15683.84,15766.67,4423.595,541.0791,19.46472,0.0,4984.13882,23.36788,23.90794,2871.59,1081.816,1231.981,0.0,5416.147
2020-07-04,2020,25.18993,15478.4,15560.38,4384.095,557.1093,19.20975,0.0,4960.41405,23.41251,23.97668,2871.59,1077.002,1231.193,0.0,5398.852
2020-07-05,2020,25.06319,13122.45,13193.87,4067.565,373.6584,15.417,0.0,4456.6404,22.33299,23.05844,273.4755,0.0,0.0,0.0,2866.448
2020-07-06,2020,25.34132,14109.77,14186.47,4197.905,373.6768,16.7681,0.0,4588.3499,21.74595,22.41824,273.4755,0.0,0.0,0.0,2946.264
2020-07-07,2020,25.78924,17051.42,17480.21,4633.848,458.5286,21.50842,0.0,5113.88502,22.9805,23.35529,2871.59,1060.446,1240.112,0.0,5481.823
2020-07-08,2020,25.71319,18273.37,18750.57,4830.454,532.4869,23.60556,0.0,5386.54646,23.32146,23.83525,2871.59,1058.883,1232.243,0.0,5646.108
2020-07-09,2020,24.39097,14574.7,14650.72,4311.241,537.843,18.03262,0.0,4867.11662,23.41225,23.95452,2871.59,1146.037,1231.456,0.0,5384.149
2020-07-10,2020,25.4125,15465.93,15547.6,4393.425,568.222,19.33214,0.0,4980.97914,23.43677,24.01196,2871.59,1055.748,1230.798,0.0,5398.435
2020-07-11,2020,25.94479,17304.54,17437.08,4656.565,597.2209,22.09261,0.0,5275.87851,23.49574,24.10293,2871.59,1065.792,1229.871,0.0,5583.231
2020-07-12,2020,25.50937,14982.44,15062.54,4301.692,373.7594,17.99132,0.0,4693.44272,22.50359,23.24739,273.4755,0.0,0.0,0.0,3009.949
2020-07-13,2020,25.06875,13926.23,14000.68,4173.511,373.6656,16.54991,0.0,4563.72651,21.90025,22.60399,273.4755,0.0,0.0,0.0,2931.342
2020-07-14,2020,25.12292,15206.48,15292.74,4359.847,472.6738,18.71324,0.0,4851.23404,23.06289,23.47322,2871.59,1063.206,1237.629,0.0,5324.329
2020-07-15,2020,25.93993,18947.26,19632.9,4977.429,551.5436,24.92839,0.0,5553.90099,23.36574,23.90003,2871.59,1070.406,1231.431,0.0,5754.508
2020-07-16,2020,26.04688,20367.22,21183.72,5197.985,583.1379,27.22241,0.0,5808.34531,23.47451,24.06368,2871.59,1058.872,1230.14,0.0,5901.712
2020-07-17,2020,27.14792,21412.52,22553.75,5525.104,629.2919,29.42027,0.0,6183.81617,23.54912,24.17753,2871.59,1075.62,1229.363,0.0,6139.396
2020-07-18,2020,27.25972,22288.19,23569.67,5689.161,669.0562,31.07296,0.0,6389.2901600000005,23.60935,24.27363,2871.59,1082.839,1228.792,0.0,6268.288
2020-07-19,2020,26.75486,16848.33,16949.72,4583.733,376.4519,20.56471,0.0,4980.74961,22.81827,23.57565,273.4755,0.0,0.0,0.0,3184.057
2020-07-20,2020,26.36667,16101.35,16189.78,4470.711,375.2239,19.5069,0.0,4865.4418000000005,22.26515,22.97807,273.4755,0.0,0.0,0.0,3114.181
2020-07-21,2020,26.23785,18184.27,18806.07,4867.582,525.9998,23.69065,0.0,5417.2724499999995,23.23095,23.71017,2871.59,1050.411,1232.854,0.0,5659.594
2020-07-22,2020,26.63507,20223.83,21120.62,5254.426,588.717,27.18995,0.0,5870.33295,23.45915,24.03438,2871.59,1072.452,1230.129,0.0,5947.506
2020-07-23,2020,26.51875,18898.56,19039.55,4886.578,636.7664,24.42839,0.0,5547.77279,23.55213,24.18165,2871.59,1053.661,1229.115,0.0,5740.646
2020-07-24,2020,26.82292,20533.28,21285.89,5270.338,642.4605,27.68934,0.0,5940.48784,23.57511,24.21339,2871.59,1070.445,1229.033,0.0,5988.803
2020-07-25,2020,26.70208,21147.39,21909.29,5347.771,660.3644,28.69259,0.0,6036.82799,23.60085,24.26044,2871.59,1054.21,1228.865,0.0,6037.347
2020-07-26,2020,27.48333,19028.41,19681.82,5027.214,376.4169,24.27881,0.0,5427.90971,22.77581,23.5282,273.4755,0.0,0.0,0.0,3455.036
2020-07-27,2020,27.02917,18859.96,19632.74,5016.574,377.2358,24.12036,0.0,5417.93016,22.35534,23.07206,273.4755,0.0,0.0,0.0,3448.989
2020-07-28,2020,26.42396,17547.78,17786.89,4725.265,561.1935,22.32716,0.0,5308.7856600000005,23.32623,23.83639,2871.59,1067.704,1231.138,0.0,5604.331
2020-07-29,2020,26.75937,18983.68,19475.07,5002.461,624.2835,24.99895,0.0,5651.743450000001,23.49651,24.0859,2871.59,1063.148,1229.474,0.0,5809.403
2020-07-30,2020,26.21667,15970.36,16052.88,4467.587,623.4005,20.19783,0.0,5111.18533,23.52522,24.13404,2871.59,1071.288,1229.42,0.0,5486.757
2020-07-31,2020,25.19792,16346.31,16440.97,4497.013,593.3452,20.65615,0.0,5111.0143499999995,23.50105,24.11239,2871.59,1067.847,1229.78,0.0,5484.568
2020-08-01,2020,27.80556,21791.36,23371.37,5780.888,641.2014,30.61665,0.0,6452.70605,23.54623,24.17064,2871.59,1078.379,1229.782,0.0,6304.015
2020-08-02,2020,27.52847,19199.2,19852.59,5042.351,381.4622,24.43085,0.0,5448.244049999999,22.90867,23.67019,273.4755,0.0,0.0,0.0,3467.358
2020-08-03,2020,27.06736,18724.75,19273.13,4922.068,377.5604,23.72166,0.0,5323.350060000001,22.46827,23.19221,273.4755,0.0,0.0,0.0,3391.673
2020-08-04,2020,27.52396,22334.67,24091.28,5736.311,584.2889,31.26216,0.0,6351.8620599999995,23.35394,23.87933,2871.59,1066.85,1230.569,0.0,6235.917
2020-08-05,2020,27.80903,23254.85,25003.0,5985.614,658.7594,33.08545,0.0,6677.458849999999,23.5668,24.20409,2871.59,1082.953,1229.015,0.0,6442.987
2020-08-06,2020,27.78437,23024.86,24550.06,5914.251,702.0371,32.59003,0.0,6648.87813,23.63935,24.32256,2871.59,1089.861,1228.576,0.0,6429.854
2020-08-07,2020,27.15764,19631.06,20183.32,5187.613,678.753,26.29026,0.0,5892.65626,23.6495,24.32384,2871.59,1096.422,1228.486,0.0,5975.56
2020-08-08,2020,27.4309,21717.61,22667.08,5582.423,709.7679,30.05928,0.0,6322.25018,23.66196,24.36188,2871.59,1077.501,1228.525,0.0,6224.427
2020-08-09,2020,26.5191,17206.36,17565.9,4696.609,377.8807,21.45412,0.0,5095.94382,22.88442,23.64937,273.4755,0.0,0.0,0.0,3253.865
2020-08-10,2020,26.81667,16914.87,17040.14,4619.979,375.1711,20.71974,0.0,5015.869840000001,22.37073,23.09593,273.4755,0.0,0.0,0.0,3205.34
2020-08-11,2020,26.86319,19442.21,20202.47,5123.249,562.5158,25.76451,0.0,5711.52931,23.31367,23.83174,2871.59,1080.349,1231.423,0.0,5856.056
2020-08-12,2020,26.94514,20583.1,21384.71,5306.193,626.3461,27.7148,0.0,5960.2539,23.52869,24.14348,2871.59,1081.666,1229.372,0.0,6007.581
2020-08-13,2020,27.1059,20732.92,21415.59,5314.606,666.9796,27.94755,0.0,6009.533149999999,23.59868,24.25399,2871.59,1073.184,1228.808,0.0,6032.304
2020-08-14,2020,27.64792,23440.88,25276.82,6011.71,683.1261,33.63609,0.0,6728.47219,23.62524,24.29486,2871.59,1077.774,1228.694,0.0,6470.762
2020-08-15,2020,27.69062,22144.15,23278.61,5682.355,699.4216,30.7405,0.0,6412.517099999999,23.64619,24.32919,2871.59,1078.862,1228.55,0.0,6279.953
2020-08-16,2020,26.50729,15976.69,16089.25,4514.904,375.3123,19.40797,0.0,4909.62427,22.77423,23.53296,273.4755,0.0,0.0,0.0,3140.956
2020-08-17,2020,26.47743,15043.04,15124.69,4400.072,374.4786,18.14244,0.0,4792.69304,22.23735,22.95322,273.4755,0.0,0.0,0.0,3070.095
2020-08-18,2020,27.66042,19909.18,20922.03,5301.35,552.406,26.78747,0.0,5880.5434700000005,23.2808,23.77204,2871.59,1098.307,1231.915,0.0,5969.361
2020-08-19,2020,28.01667,21473.02,22427.3,5552.785,657.4125,29.3771,0.0,6239.5746,23.55875,24.1848,2871.59,1086.296,1229.101,0.0,6179.655
2020-08-20,2020,27.63403,21145.67,21837.27,5436.434,705.7806,28.77614,0.0,6170.99074,23.64445,24.33083,2871.59,1068.192,1228.557,0.0,6127.123
2020-08-21,2020,27.78437,23026.18,24679.01,5977.793,712.5276,32.93568,0.0,6723.25628,23.67027,24.36484,2871.59,1093.67,1228.537,0.0,6477.235
2020-08-22,2020,27.88368,24511.29,26591.4,6283.83,751.6799,36.82287,0.0,7072.33277,23.70022,24.41918,2871.59,1095.612,1228.382,0.0,6689.952
2020-08-23,2020,27.17917,17470.49,17750.25,4717.565,378.9647,21.59625,0.0,5118.125949999999,22.95393,23.72085,273.4755,0.0,0.0,0.0,3267.307
2020-08-24,2020,27.46979,17222.15,17387.09,4688.552,377.8286,21.1884,0.0,5087.5689999999995,22.43119,23.1501,273.4755,0.0,0.0,0.0,3248.79
2020-08-25,2020,27.73576,20336.62,21312.1,5341.889,571.4633,27.46175,0.0,5940.814050000001,23.34206,23.86054,2871.59,1099.936,1230.938,0.0,6006.872
2020-08-26,2020,27.59479,22105.46,23555.32,5733.703,652.0706,31.05786,0.0,6416.83146,23.56053,24.18889,2871.59,1073.019,1229.037,0.0,6279.026
2020-08-27,2020,27.29792,19184.13,19304.92,4989.66,682.3694,25.04296,0.0,5697.072359999999,23.62683,24.30268,2871.59,1081.978,1228.667,0.0,5848.282
2020-08-28,2020,26.6809,18259.58,18353.97,4822.672,688.397,23.62071,0.0,5534.68971,23.65435,24.33998,2871.59,1109.548,1228.422,0.0,5766.586
2020-08-29,2020,27.23021,20310.03,20864.95,5271.761,726.4929,27.49345,0.0,6025.747350000001,23.65963,24.35646,2871.59,1090.957,1228.546,0.0,6052.9
2020-08-30,2020,26.68993,16387.01,16569.6,4540.722,377.7533,20.06217,0.0,4938.53747,22.86438,23.62164,273.4755,0.0,0.0,0.0,3158.477
2020-08-31,2020,26.04167,15373.39,15453.97,4359.114,374.5319,18.49854,0.0,4752.144439999999,22.29435,23.01828,273.4755,0.0,0.0,0.0,3045.522
2020-09-01,2020,25.68576,17726.31,18382.52,4825.74,500.0717,23.02302,0.0,5348.83472,23.18915,23.63766,2871.59,1133.104,1234.47,0.0,5668.233
2020-09-02,2020,26.26597,18813.06,19463.99,5022.496,578.9141,24.8061,0.0,5626.2162,23.42825,23.98845,2871.59,1135.405,1230.467,0.0,5837.721
2020-09-03,2020,25.58264,17181.9,17311.65,4667.038,599.3992,21.88382,0.0,5288.321019999999,23.51071,24.11383,2871.59,1127.835,1229.46,0.0,5628.369
2020-09-04,2020,25.49618,17715.34,18010.84,4744.302,606.719,22.84832,0.0,5373.86932,23.50976,24.11601,2871.59,1130.099,1229.48,0.0,5681.583
2020-09-05,2020,25.81944,16807.71,16920.45,4571.995,586.8304,21.20748,0.0,5180.03288,23.49385,24.08835,2871.59,1151.794,1230.027,0.0,5577.266
2020-09-06,2020,26.13472,13209.12,13281.64,4119.285,373.7101,15.53619,0.0,4508.53129,22.45688,23.1939,273.4755,0.0,0.0,0.0,2897.893
2020-09-07,2020,25.39271,14426.86,14504.91,4247.961,373.6703,17.21716,0.0,4638.84846,21.83764,22.5332,273.4755,0.0,0.0,0.0,2976.865
2020-09-08,2020,25.65382,14809.71,14887.89,4303.162,473.8747,17.98914,0.0,4795.02584,23.04988,23.44726,2871.59,1134.733,1237.535,0.0,5333.612
2020-09-09,2020,25.32153,13678.46,13751.3,4157.952,536.3845,16.6366,0.0,4710.9731,23.3266,23.84325,2871.59,1133.031,1231.749,0.0,5281.645
2020-09-10,2020,24.45382,13465.09,13536.97,4174.969,545.9907,16.50587,0.0,4737.46557,23.38734,23.92745,2871.59,1133.42,1231.555,0.0,5297.935
2020-09-11,2020,24.80868,13847.95,13921.44,4213.509,562.0653,17.03878,0.0,4792.61308,23.41819,23.9766,2871.59,1159.459,1231.125,0.0,5347.134
2020-09-12,2020,24.25625,13337.51,13408.84,4188.073,545.9527,16.36064,0.0,4750.38634,23.40776,23.95896,2871.59,1151.601,1231.842,0.0,5316.783
2020-09-13,2020,25.27569,13206.2,13278.9,4187.058,373.8719,15.57932,0.0,4576.50922,22.24879,22.96596,273.4755,0.0,0.0,0.0,2939.088
2020-09-14,2020,25.73958,15598.52,15775.7,4492.248,373.7513,18.97744,0.0,4884.976739999999,21.72851,22.40461,273.4755,0.0,0.0,0.0,3126.019
2020-09-15,2020,26.09931,17418.0,18087.56,4798.235,470.2316,22.41108,0.0,5290.87768,23.0193,23.39603,2871.59,1142.014,1238.339,0.0,5638.511
2020-09-16,2020,27.22222,21205.92,22861.77,5633.086,564.1744,29.39751,0.0,6226.65791,23.36448,23.8822,2871.59,1120.973,1231.201,0.0,6192.842
2020-09-17,2020,25.64305,19932.88,21181.76,5321.879,593.1424,27.24341,0.0,5942.26481,23.48508,24.0663,2871.59,1201.018,1229.663,0.0,6069.007
2020-09-18,2020,25.80174,19247.06,20205.07,5168.566,598.0212,25.85151,0.0,5792.43871,23.48815,24.07786,2871.59,1169.76,1229.837,0.0,5959.271
2020-09-19,2020,26.19896,18598.8,18944.19,4884.058,598.8947,24.03863,0.0,5506.99133,23.4996,24.09722,2871.59,1143.757,1229.531,0.0,5770.531
2020-09-20,2020,25.57604,14916.14,14995.52,4313.305,373.8222,17.85212,0.0,4704.9793199999995,22.42202,23.1589,273.4755,0.0,0.0,0.0,3016.941
2020-09-21,2020,23.96632,12841.04,12910.99,4067.399,373.6584,15.18385,0.0,4456.24125,21.66173,22.34749,273.4755,0.0,0.0,0.0,2866.206
2020-09-22,2020,25.50069,15917.3,16565.46,4625.36,445.8992,20.26464,0.0,5091.52384,22.88821,23.21392,2871.59,1156.563,1245.654,0.0,5526.519
2020-09-23,2020,26.39514,17967.11,18515.66,4870.625,532.5616,23.15554,0.0,5426.34214,23.2973,23.77942,2871.59,1176.884,1233.036,0.0,5741.733
2020-09-24,2020,26.57361,16973.7,17210.71,4713.163,595.8111,21.70514,0.0,5330.6792399999995,23.45299,24.02347,2871.59,1164.353,1230.33,0.0,5676.167
2020-09-25,2020,24.90347,14415.54,14490.68,4272.113,584.7893,17.84782,0.0,4874.750120000001,23.49043,24.08089,2871.59,1196.678,1229.827,0.0,5419.464
2020-09-26,2020,25.22743,15812.63,16038.16,4490.207,561.3889,19.99969,0.0,5071.59559,23.44194,24.00953,2871.59,1170.591,1231.174,0.0,5522.943
2020-09-27,2020,26.08125,14424.79,14502.79,4249.465,373.9423,17.05761,0.0,4640.46491,22.39266,23.12012,273.4755,0.0,0.0,0.0,2977.845
2020-09-28,2020,26.16701,14430.68,14509.57,4274.45,374.0796,17.03696,0.0,4665.56656,21.85156,22.53494,273.4755,0.0,0.0,0.0,2993.057
2020-09-29,2020,26.35417,17204.17,17662.17,4700.7,488.9855,21.70766,0.0,5211.39316,23.01298,23.40986,2871.59,1165.507,1236.874,0.0,5604.58
2020-09-30,2020,25.41736,15708.76,15804.01,4421.646,547.5957,19.5295,0.0,4988.771199999999,23.3171,23.82814,2871.59,1175.518,1231.175,0.0,5475.738
2020-10-01,2020,23.86875,9946.323,9997.658,3758.248,524.6927,11.65931,0.0,4294.60001,23.28887,23.80009,2871.59,1209.959,1232.586,0.0,5075.941
2020-10-02,2020,22.1125,10403.16,10463.16,3766.025,483.7607,12.31742,0.0,4262.103120000001,23.16383,23.62487,2871.59,1186.755,1237.495,0.0,5042.187
2020-10-03,2020,23.09028,9927.176,9978.383,3781.948,484.7144,11.56193,0.0,4278.22433,23.12306,23.56565,2871.59,1187.168,1239.338,0.0,5052.206
2020-10-04,2020,23.78542,8796.78,8848.37,3687.812,373.7684,9.900479,0.0,4071.4808789999997,21.87573,22.56923,273.4755,0.0,0.0,0.0,2633.041
2020-10-05,2020,23.43403,10302.81,10360.95,3766.42,373.6584,11.79906,0.0,4151.877460000001,21.26619,21.91917,273.4755,0.0,0.0,0.0,2681.761
2020-10-06,2020,23.15417,8151.515,8193.656,3536.684,415.1667,9.089858,0.0,3960.940558,22.5968,22.8727,2871.59,1187.301,1253.901,0.0,4860.013
2020-10-07,2020,21.83889,7176.927,7218.735,3423.939,432.6964,8.032061,0.0,3864.6674609999995,22.83015,23.15995,2871.59,1222.228,1249.192,0.0,4822.838
2020-10-08,2020,23.51805,11330.45,11393.96,3843.84,447.0142,13.24953,0.0,4304.10373,22.89594,23.24972,2871.59,1197.5,1246.181,0.0,5074.15
2020-10-09,2020,23.38576,11322.35,11384.2,3847.819,467.2771,13.31239,0.0,4328.40849,23.01472,23.41714,2871.59,1173.913,1241.227,0.0,5074.586
2020-10-10,2020,23.27396,11691.33,11754.4,3889.44,479.8474,13.87173,0.0,4383.15913,23.08732,23.51764,2871.59,1173.489,1238.911,0.0,5107.507
2020-10-11,2020,23.14236,9669.182,9722.255,3679.17,373.6584,11.00824,0.0,4063.83664,21.68026,22.37447,273.4755,0.0,0.0,0.0,2628.409
2020-10-12,2020,23.33924,9740.056,9794.985,3738.846,373.6584,11.09585,7e-06,4123.600256999999,20.89616,21.52522,273.4755,0.0,0.0,0.21144,2664.665
2020-10-13,2020,24.3316,12636.15,12759.53,4083.262,406.4998,15.07454,2.3e-05,4504.836362999999,22.43637,22.65968,2871.59,1214.35,1264.544,0.752234,5206.147
2020-10-14,2020,25.77361,16436.17,16754.55,4573.71,471.1101,20.52665,0.0,5065.34675,22.98883,23.36062,2871.59,1196.596,1239.809,0.0,5534.916
2020-10-15,2020,24.77083,17164.64,17685.35,4685.446,501.5357,22.04835,0.0,5209.03005,23.19514,23.6473,2871.59,1210.344,1235.019,0.0,5630.319
2020-10-16,2020,23.53472,15730.4,15862.84,4367.321,508.19,19.56857,0.0,4895.07957,23.22898,23.70593,2871.59,1215.21,1234.339,0.0,5443.014
2020-10-17,2020,23.63333,13335.12,13403.86,4033.226,495.0082,16.05512,0.0,4544.28932,23.18761,23.65682,2871.59,1185.708,1235.476,0.0,5212.557
2020-10-18,2020,22.24375,6949.858,6991.147,3427.608,373.6584,7.643623,0.0,3808.910023,21.66563,22.36206,273.4755,0.0,0.0,0.0,2473.923
2020-10-19,2020,19.86389,4469.316,4492.615,3101.966,373.6584,5.037697,0.001198,3480.663295,20.53573,21.15317,273.4755,0.0,0.0,38.53521,2282.234
2020-10-20,2020,18.98889,4061.08,4080.59,2617.427,375.8835,4.5924,0.01054,2997.9134400000003,21.6327,21.74953,2871.59,1196.866,1326.063,339.0381,4345.805
2020-10-21,2020,19.28681,4370.463,4394.955,2891.581,383.1199,4.739809,0.003947,3279.4446560000006,21.93838,22.09367,2871.59,1219.527,1302.297,126.9638,4490.37
2020-10-22,2020,19.16875,3945.718,3967.511,2285.584,388.8294,4.582426,0.005207,2679.001033,22.04679,22.21858,2871.59,1228.111,1296.542,167.4993,4139.306
2020-10-23,2020,20.54306,4879.147,4907.951,2507.039,399.7568,5.515407,0.002618,2912.313825,22.27349,22.48291,2871.59,1286.111,1280.552,84.21931,4300.221
2020-10-24,2020,22.49861,6363.872,6396.9,3002.473,420.3369,8.033527,0.000532,3430.8439590000003,22.56477,22.8286,2871.59,1246.996,1262.903,17.1138,4578.16
2020-10-25,2020,22.72917,6178.839,6211.775,3103.616,373.6584,7.637251,1.9e-05,3484.91167,21.25009,21.90402,273.4755,0.0,0.0,0.607728,2277.695
2020-10-26,2020,21.66493,6380.64,6421.373,3270.72,373.6796,7.193997,0.000645,3651.5942419999997,20.62995,21.23964,273.4755,0.0,0.0,20.75969,2382.483
2020-10-27,2020,21.51354,7600.106,7637.94,3481.003,383.2923,8.450372,0.001076,3872.746748,22.011,22.17198,2871.59,1230.771,1292.634,34.62527,4839.405
2020-10-28,2020,20.45903,5066.273,5097.056,3179.577,396.1103,5.398435,0.000502,3581.086237,22.28212,22.49991,2871.59,1218.874,1278.822,16.1405,4651.982
2020-10-29,2020,20.96736,5272.891,5304.263,3295.844,400.7982,5.623742,0.000523,3702.2664650000006,22.36736,22.59933,2871.59,1227.168,1274.368,16.80708,4730.569
2020-10-30,2020,21.21111,5705.34,5735.633,3331.471,409.3044,6.179509,0.000537,3746.955446,22.45601,22.70921,2871.59,1220.92,1267.487,17.28583,4753.954
2020-10-31,2020,20.13056,6597.333,6636.072,2990.022,411.1753,7.373771,0.000798,3408.571869,22.48189,22.74366,2871.59,1229.397,1267.973,25.65594,4555.601
2020-11-01,2020,22.22569,7877.864,7923.657,3521.741,373.6584,8.712469,0.000449,3904.112318,20.89017,21.52157,273.4755,0.0,0.0,14.43433,2534.323
2020-11-02,2020,21.23646,7213.891,7252.312,3454.5,373.6584,7.997148,0.008563,3836.1641109999996,20.24566,20.79296,273.4755,0.0,0.0,275.4355,2542.1
2020-11-03,2020,18.47326,4727.091,4755.302,2806.019,374.4006,5.141683,0.013484,3185.5747669999996,21.51072,21.58391,2871.59,1260.15,1335.326,433.7433,4515.642
2020-11-04,2020,20.425,5493.621,5524.881,3309.855,378.4298,5.850361,0.00759,3694.142751,21.75885,21.86631,2871.59,1227.567,1317.016,244.1383,4768.526
2020-11-05,2020,18.37778,4244.964,4267.993,2578.458,383.1648,4.50718,0.00514,2966.1351200000004,21.923,22.07005,2871.59,1245.948,1304.262,165.3383,4323.712
2020-11-06,2020,18.22743,3953.793,3979.738,2367.048,386.9424,4.212749,0.006086,2758.2092349999994,21.99263,22.15565,2871.59,1276.371,1299.167,195.7496,4221.85
2020-11-07,2020,18.92535,4727.379,4753.393,2308.168,389.6325,5.181281,0.006489,2702.9882700000003,22.05092,22.22184,2871.59,1256.302,1295.737,208.7229,4178.658
2020-11-08,2020,20.5,4897.135,4925.506,3203.58,373.6584,5.230265,0.007167,3582.475832,20.48484,21.06535,273.4755,0.0,0.0,230.5414,2379.944
2020-11-09,2020,21.42083,8514.294,8564.437,3558.394,373.6584,9.691003,0.028316,3941.7717189999994,20.07498,20.52203,273.4755,0.0,0.0,910.8339,2725.273
2020-11-10,2020,20.57708,6515.476,6549.694,3372.148,375.6034,7.121669,0.012437,3754.885506,21.64127,21.6969,2871.59,1248.496,1323.946,400.0377,4847.259
2020-11-11,2020,18.9316,4028.621,4052.675,2726.698,382.7425,4.229857,0.003391,3113.6737479999997,21.9384,22.09015,2871.59,1263.086,1302.277,109.0897,4412.957
2020-11-12,2020,17.80382,3380.017,3397.99,2069.851,384.5313,3.655821,0.009746,2458.047867,21.94531,22.10211,2871.59,1292.83,1304.415,313.495,4072.011
2020-11-13,2020,18.70208,4204.884,4230.463,2399.518,387.4346,4.517213,0.00636,2791.476173,22.00353,22.16425,2871.59,1255.745,1300.31,204.5762,4231.166
2020-11-14,2020,19.49583,5474.73,5505.808,3189.444,393.5266,5.885962,0.003419,3588.859981,22.14911,22.33452,2871.59,1264.485,1288.916,109.9833,4701.935
2020-11-15,2020,17.68542,3554.882,3574.931,2249.239,373.6584,3.860427,0.018923,2626.77675,20.38484,20.94407,273.4755,0.0,0.0,608.6945,1871.718
2020-11-16,2020,17.01875,3048.437,3067.775,1877.563,373.6584,3.656124,0.069094,2254.946618,20.01914,20.32671,273.4755,0.0,0.0,2227.956,1950.098
2020-11-17,2020,17.75972,3342.302,3361.829,1923.001,373.9112,3.818048,0.036912,2300.76716,21.29392,21.22834,2871.59,1268.898,1360.931,1196.873,4127.882
2020-11-18,2020,17.57187,2735.908,2763.113,1797.562,375.8589,3.755861,0.021645,2177.198406,21.54431,21.60259,2871.59,1293.967,1334.599,697.6255,3974.553
2020-11-19,2020,17.43299,2661.706,2662.81,1849.411,377.788,3.187674,0.015432,2230.402106,21.66801,21.76247,2871.59,1286.466,1323.937,496.5575,3964.537
2020-11-20,2020,16.94375,2516.948,2532.892,1747.033,379.1903,2.928201,0.018039,2129.16954,21.71599,21.82076,2871.59,1284.542,1323.216,581.4496,3917.946
2020-11-21,2020,17.83819,2925.083,2938.009,1843.788,381.0498,3.683443,0.016236,2228.537479,21.75743,21.86399,2871.59,1288.032,1320.072,522.6548,3969.25
2020-11-22,2020,17.53403,2940.671,2956.972,1926.197,373.6584,3.341064,0.042937,2303.2394010000003,20.17775,20.62503,273.4755,0.0,0.0,1381.263,1820.557
2020-11-23,2020,17.44167,2542.916,2562.287,1846.296,373.6584,3.309593,0.077133,2223.341126,20.02132,20.2702,273.4755,0.0,0.0,2489.646,1980.027
2020-11-24,2020,18.08611,3165.667,3179.708,2112.923,373.9208,3.613905,0.032382,2490.4900869999997,21.31843,21.26066,2871.59,1275.278,1358.369,1047.687,4218.739
2020-11-25,2020,19.09792,4377.597,4403.824,2761.483,376.5206,4.712885,0.012734,3142.729219,21.64449,21.71768,2871.59,1271.571,1325.147,409.5954,4492.069
2020-11-26,2020,17.53056,2695.872,2711.29,1749.057,379.6001,2.986952,0.011695,2131.6557470000002,21.7417,21.85104,2871.59,1271.465,1319.866,376.198,3873.031
2020-11-27,2020,17.3375,2858.472,2873.151,1816.575,381.3274,3.09162,0.014075,2201.008095,21.79766,21.91855,2871.59,1301.486,1315.737,452.8326,3947.624
2020-11-28,2020,17.62639,3899.996,3924.122,2186.741,380.9255,4.251304,0.01278,2571.9305839999997,21.79409,21.91109,2871.59,1292.051,1316.849,411.0769,4158.854
2020-11-29,2020,16.68889,2468.662,2484.184,1826.264,373.6584,2.898047,0.046518,2202.866965,20.17423,20.6135,273.4755,0.0,0.0,1497.651,1781.561
2020-11-30,2020,18.05972,3180.099,3198.086,2226.427,373.6584,3.947657,0.092704,2604.1257610000002,20.0022,20.16239,273.4755,0.0,0.0,2999.794,2306.466
2020-12-01,2020,17.4316,2864.92,2883.695,1908.009,373.8137,3.320591,0.040286,2285.1835770000002,21.23417,21.14273,2871.59,1283.197,1366.333,1307.687,4147.889
2020-12-02,2020,21.17882,4683.881,4709.888,2697.011,378.3698,5.785571,0.007422,3081.173793,21.73299,21.80938,2871.59,1344.44,1316.482,238.7539,4466.882
2020-12-03,2020,17.42361,2712.036,2727.345,1914.862,378.0078,2.953496,0.014279,2295.837575,21.71747,21.82343,2871.59,1296.947,1321.826,459.2987,4003.553
2020-12-04,2020,17.54861,2938.279,2951.911,2348.38,377.9298,3.210674,0.012434,2729.532908,21.69891,21.78831,2871.59,1378.672,1320.26,399.9493,4304.766
2020-12-05,2020,16.32222,2029.454,2040.613,1630.491,376.1358,2.268079,0.023836,2008.918715,21.52847,21.58717,2871.59,1330.225,1337.707,767.6741,3907.686
2020-12-06,2020,15.44028,1538.025,1552.233,1275.306,373.6584,2.139948,0.082744,1651.1870920000001,20.06806,20.33473,273.4755,0.0,0.0,2676.747,1668.395
2020-12-07,2020,14.47639,882.2551,899.2903,739.2773,373.6584,2.396564,0.141663,1115.473927,20.00014,19.94747,273.4755,0.0,0.0,4624.113,1709.001
2020-12-08,2020,14.62882,1437.213,1444.915,1178.391,373.6971,2.906115,0.082938,1555.077153,20.8999,20.67063,2871.59,1287.558,1404.275,2725.045,3973.927
2020-12-09,2020,14.97257,1314.158,1316.229,1082.029,373.889,2.110645,0.054205,1458.08285,21.04218,20.93337,2871.59,1354.617,1385.286,1755.942,3774.021
2020-12-10,2020,16.06701,1859.832,1867.672,1533.278,374.132,3.14877,0.045187,1910.603957,21.15921,21.09259,2871.59,1319.675,1373.081,1462.258,3971.99
2020-12-11,2020,16.85556,2215.966,2226.749,1830.538,374.5786,3.293626,0.029552,2208.439778,21.32922,21.31244,2871.59,1314.349,1353.962,952.3528,4053.613
2020-12-12,2020,15.90903,1721.665,1733.856,1410.475,375.0026,2.853161,0.027072,1788.357833,21.37987,21.39981,2871.59,1299.851,1349.757,871.1776,3775.033
2020-12-13,2020,15.05625,1321.225,1313.155,1079.502,373.6584,2.511565,0.116285,1455.78825,20.03677,20.20094,273.4755,0.0,0.0,3780.669,1757.035
2020-12-14,2020,15.09618,1167.636,1194.769,982.1808,373.6584,2.76666,0.162355,1358.7682149999998,20.00011,19.92511,273.4755,0.0,0.0,5319.75,1986.911
2020-12-15,2020,14.78194,1136.891,1128.253,927.5002,373.6773,2.320818,0.082439,1303.580757,20.8301,20.56411,2871.59,1344.305,1410.301,2695.648,3850.395
2020-12-16,2020,14.19444,1157.868,1166.615,959.0366,373.8239,2.296466,0.080073,1335.237039,20.90967,20.7351,2871.59,1280.992,1403.166,2614.429,3815.978
2020-12-17,2020,15.96597,1907.229,1919.227,1458.652,374.0423,2.711664,0.053727,1835.459691,21.11606,21.01011,2871.59,1286.61,1379.586,1747.05,3959.831
2020-12-18,2020,16.77847,2177.391,2186.223,1731.204,374.5244,3.062145,0.031046,2108.821591,21.33121,21.31751,2871.59,1295.856,1354.71,1001.612,3991.277
2020-12-19,2020,16.77778,2185.3,2197.31,1797.839,374.9292,3.115584,0.024596,2175.9083800000003,21.40179,21.43208,2871.59,1297.764,1348.73,791.6312,3993.704
2020-12-20,2020,16.91319,2177.753,2187.946,1796.498,373.6584,3.313251,0.073026,2173.542677,20.05423,20.34722,273.4755,0.0,0.0,2356.028,1924.788
2020-12-21,2020,16.95417,2203.551,2215.657,1754.232,373.6584,3.396912,0.113621,2131.400933,20.00008,20.05168,273.4755,0.0,0.0,3689.759,2149.405
2020-12-22,2020,15.82778,1745.336,1756.086,1350.804,373.7188,2.511552,0.054706,1727.089058,21.02673,20.86448,2871.59,1321.54,1388.815,1776.292,3920.811
2020-12-23,2020,14.18785,1217.933,1221.9,1002.976,373.9398,1.962166,0.062592,1378.940558,21.06998,20.99949,2871.59,1331.664,1382.906,2031.285,3763.794
2020-12-24,2020,13.62674,777.7158,792.1957,651.2383,374.0306,1.720861,0.066305,1027.056066,21.02337,20.93385,2871.59,1305.038,1388.107,2152.418,3557.137
2020-12-25,2020,13.14861,830.5707,822.2571,675.0389,374.0995,1.714534,0.087247,1050.940181,20.96058,20.84318,2871.59,1306.189,1396.673,2853.183,3703.744
2020-12-26,2020,13.73507,1074.644,1089.839,895.9211,374.1629,2.432366,0.080388,1272.5967540000001,21.01383,20.89144,2871.59,1291.181,1390.716,2646.235,3790.157
2020-12-27,2020,14.34688,1234.842,1237.307,999.5941,373.6584,2.783182,0.141756,1376.177438,20.00892,20.05167,273.4755,0.0,0.0,4631.659,1868.403
2020-12-28,2020,15.06597,1766.968,1777.916,1213.279,373.6584,3.657123,0.158337,1590.75286,20.00064,19.90817,273.4755,0.0,0.0,5192.38,2103.604
2020-12-29,2020,13.87604,1458.815,1463.373,1104.195,373.6776,2.871769,0.095948,1480.840317,20.89352,20.68057,2871.59,1281.925,1405.92,3165.137,4008.069
2020-12-30,2020,14.68681,1378.271,1387.731,1136.306,373.8996,2.200571,0.058653,1512.4648240000001,21.0993,21.01101,2871.59,1310.601,1379.662,1906.455,3808.533
2020-12-31,2020,14.19722,1327.592,1315.571,1052.393,374.0346,2.095787,0.066085,1428.589472,21.08042,21.00757,2871.59,1318.927,1384.132,2147.535,3807.967
2021-01-01,2021,13.41979,1532.482,1548.952,1258.183,374.1611,2.763257,0.091561,1635.198918,21.10345,21.03083,2871.59,1300.115,1380.753,3015.511,4084.57
2021-01-02,2021,14.51181,1591.255,1606.061,1305.38,374.3724,2.574515,0.065825,1682.39274,21.18604,21.13754,2871.59,1307.927,1371.344,2150.948,3955.746
2021-01-03,2021,15.88403,1633.652,1639.64,1344.97,373.6584,2.522468,0.093218,1721.244086,20.02753,20.22018,273.4755,0.0,0.0,3016.921,1774.653
2021-01-04,2021,14.25521,1469.774,1471.499,1125.611,373.6584,3.037265,0.166912,1502.473577,19.99963,19.93582,273.4755,0.0,0.0,5488.757,2105.696
2021-01-05,2021,14.22118,1150.23,1155.783,948.4523,373.672,1.830335,0.084074,1324.0387090000002,20.82004,20.57069,2871.59,1307.131,1413.456,2752.708,3850.967
2021-01-06,2021,13.37708,1232.856,1240.719,985.1052,373.8179,2.189893,0.093577,1361.20657,20.93919,20.78569,2871.59,1288.009,1399.622,3073.21,3922.016
2021-01-07,2021,17.5,2579.513,2598.714,1715.656,374.2083,3.294282,0.038618,2093.1972,21.24899,21.17557,2871.59,1317.734,1366.166,1249.52,4041.564
2021-01-08,2021,15.54826,2193.805,2216.114,1456.058,375.2548,3.959651,0.050926,1835.3233769999997,21.39614,21.41465,2871.59,1308.702,1351.648,1655.028,3955.877
2021-01-09,2021,16.78924,2388.606,2389.49,1874.941,375.785,3.043367,0.02263,2253.7919970000003,21.51833,21.58236,2871.59,1306.338,1337.846,728.3401,4034.226
2021-01-10,2021,14.34931,1442.55,1449.653,1176.708,373.6584,2.417315,0.106912,1552.890627,20.05782,20.3193,273.4755,0.0,0.0,3473.142,1758.199
2021-01-11,2021,15.2625,1386.483,1396.848,1099.714,373.6584,2.528528,0.131738,1476.032666,20.00162,20.0062,273.4755,0.0,0.0,4293.995,1865.583
2021-01-12,2021,16.49306,2075.464,2080.334,1561.234,373.7011,2.621318,0.058096,1937.6145139999999,20.96636,20.7777,2871.59,1266.973,1397.285,1891.25,4036.883
2021-01-13,2021,16.82778,2300.315,2330.579,1888.185,374.0575,3.074198,0.037197,2265.3538949999997,21.26925,21.24339,2871.59,1259.919,1360.918,1202.141,4101.969
2021-01-14,2021,12.64931,1228.835,1238.121,1017.819,374.2026,2.825058,0.08582,1394.932478,21.15089,21.13987,2871.59,1295.612,1376.055,2815.47,3898.719
2021-01-15,2021,14.76181,1124.535,1123.828,923.8621,374.2454,1.822165,0.049544,1299.979209,21.12115,21.07295,2871.59,1281.77,1377.741,1601.877,3605.168
2021-01-16,2021,15.73368,1604.904,1606.468,1320.625,374.3499,2.346958,0.047655,1697.369513,21.13861,21.08828,2871.59,1271.355,1374.89,1540.76,3828.212
2021-01-17,2021,15.45938,1663.774,1680.793,1381.725,373.6584,3.231633,0.115455,1758.7304880000002,20.01652,20.16236,273.4755,0.0,0.0,3755.946,1935.981
2021-01-18,2021,12.67431,887.5851,887.8556,729.8771,373.6584,2.862541,0.186946,1106.584987,19.99883,19.89778,273.4755,0.0,0.0,6172.718,1994.071
2021-01-19,2021,12.64236,763.9794,774.259,636.4931,373.6651,2.218058,0.108874,1012.4851320000001,20.762,20.50272,2871.59,1266.836,1420.645,3585.176,3793.885
2021-01-20,2021,13.59306,1079.182,1081.784,889.2996,373.787,2.161071,0.090665,1265.338336,20.88227,20.70544,2871.59,1312.646,1405.086,2969.461,3859.391
2021-01-21,2021,16.49722,1997.155,2007.764,1650.517,373.9918,3.265662,0.049281,2027.8237430000001,21.06858,20.95421,2871.59,1266.325,1383.141,1596.228,4035.823
2021-01-22,2021,16.7993,2173.58,2190.1,1800.41,374.2424,3.305176,0.039964,2177.99754,21.17582,21.14428,2871.59,1264.958,1370.563,1289.746,4068.516
2021-01-23,2021,15.15139,1261.25,1252.097,1029.308,374.4325,2.462607,0.043104,1406.246211,21.174,21.16467,2871.59,1300.23,1370.489,1390.787,3641.161
2021-01-24,2021,15.70278,1504.885,1517.87,1247.791,373.6584,2.874987,0.116113,1624.4405,20.01693,20.14321,273.4755,0.0,0.0,3772.501,1857.706
2021-01-25,2021,14.19375,966.7643,979.0777,804.8679,373.6584,2.590086,0.147556,1181.2639419999998,19.99998,19.9406,273.4755,0.0,0.0,4828.094,1787.128
2021-01-26,2021,13.34792,1098.353,1097.842,902.4999,373.6689,2.474765,0.104389,1278.747954,20.77411,20.52681,2871.59,1253.197,1419.107,3445.099,3920.702
2021-01-27,2021,12.77431,626.1147,628.6108,516.7605,373.8016,1.514197,0.089171,892.1654679999999,20.89465,20.72615,2871.59,1285.796,1403.471,2913.905,3606.557
2021-01-28,2021,13.05417,834.2091,837.4976,688.4794,373.8985,1.855614,0.092701,1064.326215,20.9049,20.74417,2871.59,1276.414,1402.436,3040.527,3728.95
2021-01-29,2021,13.83194,779.6376,768.7405,631.9565,374.0571,1.344647,0.065832,1007.424079,21.01339,20.89952,2871.59,1243.151,1389.542,2140.483,3505.498
2021-01-30,2021,13.47569,992.6859,1012.676,832.4878,374.0994,2.302124,0.084955,1208.974279,20.97871,20.88409,2871.59,1335.413,1391.81,2777.958,3803.113
2021-01-31,2021,14.10382,655.9518,659.301,541.9899,373.6584,1.776033,0.13415,917.558483,20.00725,20.0435,273.4755,0.0,0.0,4372.9,1541.947
2021-02-01,2021,13.29583,356.4084,364.1857,299.3852,373.6584,2.488119,0.212261,675.74398,19.99287,19.81017,273.4755,0.0,0.0,7023.41,1892.537
2021-02-02,2021,13.63368,417.6801,406.7125,334.3451,373.6584,1.72166,0.119391,709.844551,20.53505,20.21646,2871.59,1249.474,1448.516,3922.971,3663.32
2021-02-03,2021,14.16285,759.2205,776.655,638.4628,373.7528,1.724447,0.078053,1014.0181,20.82648,20.59317,2871.59,1236.283,1411.816,2545.068,3581.216
2021-02-04,2021,13.82361,854.6267,853.2802,701.4539,373.8911,1.690189,0.073437,1077.108626,20.93314,20.78093,2871.59,1235.166,1398.915,2390.831,3589.843
2021-02-05,2021,14.19514,1107.764,1109.094,911.7497,374.0343,1.836487,0.07063,1287.6911169999998,20.9819,20.86681,2871.59,1246.373,1393.766,2299.68,3707.151
2021-02-06,2021,14.30417,1188.391,1195.6,982.8634,374.1218,1.832513,0.068851,1358.8865640000001,21.00835,20.91482,2871.59,1247.065,1390.061,2238.505,3739.241
2021-02-07,2021,15.99722,1669.242,1680.309,1381.328,373.6584,2.912843,0.113892,1758.0131350000001,20.00948,20.12485,273.4755,0.0,0.0,3699.068,1924.878
2021-02-08,2021,14.73021,1145.563,1153.205,946.4417,373.6584,2.774311,0.143937,1323.0183479999998,20.00017,19.94386,273.4755,0.0,0.0,4702.269,1849.432
2021-02-09,2021,13.92674,981.4365,988.9493,812.983,373.6833,2.042826,0.080725,1188.789851,20.86384,20.64465,2871.59,1247.325,1408.043,2640.851,3711.784
2021-02-10,2021,12.32049,689.1357,691.3508,568.3369,373.834,1.865785,0.092935,944.12962,20.95057,20.82294,2871.59,1271.065,1397.253,3047.021,3654.088
2021-02-11,2021,13.02049,885.955,881.6346,724.7631,373.9417,1.887019,0.091588,1100.683407,20.9195,20.78399,2871.59,1255.008,1400.121,2995.361,3729.539
2021-02-12,2021,14.89826,1113.645,1120.822,921.3914,374.0792,1.671735,0.058233,1297.200568,21.0109,20.88829,2871.59,1282.859,1390.145,1888.036,3657.816
2021-02-13,2021,15.08438,1217.662,1227.551,1009.13,374.1863,1.870456,0.054341,1385.241097,21.03256,20.94593,2871.59,1240.092,1386.853,1758.701,3660.994
2021-02-14,2021,13.11701,947.1234,962.7833,789.6927,373.6584,2.621592,0.163937,1166.1366289999999,20.0089,20.04654,273.4755,0.0,0.0,5389.969,1883.347
2021-02-15,2021,11.79028,206.4417,206.1566,169.4746,373.6584,2.110004,0.20251,545.445514,19.99822,19.81801,273.4755,0.0,0.0,6697.789,1752.503
2021-02-16,2021,13.68403,791.3443,789.1689,648.75,373.6584,2.023986,0.107827,1024.540213,20.6672,20.33446,2871.59,1244.986,1430.698,3554.951,3782.28
2021-02-17,2021,13.22431,296.4523,298.6021,245.471,373.7438,1.127018,0.089647,620.431465,20.78545,20.55758,2871.59,1302.635,1415.245,2926.716,3454.494
2021-02-18,2021,12.53264,336.1181,343.0916,282.0444,373.8054,1.424625,0.107698,657.382123,20.72817,20.50339,2871.59,1248.13,1424.256,3523.878,3555.86
2021-02-19,2021,12.73403,614.1467,611.7229,502.8774,373.8899,1.878152,0.104886,878.7503379999999,20.79839,20.58673,2871.59,1211.451,1416.42,3443.919,3652.784
2021-02-20,2021,14.51597,1714.623,1725.122,1279.595,374.011,2.915,0.09411,1656.61511,20.91957,20.76221,2871.59,1252.233,1401.482,3091.266,4082.74
2021-02-21,2021,14.32153,954.9485,957.0916,786.7938,373.6584,2.391372,0.135482,1162.979054,20.00673,20.07662,273.4755,0.0,0.0,4421.926,1699.867
2021-02-22,2021,12.62292,282.596,291.9002,239.9617,373.6584,2.177842,0.19899,615.996932,19.99736,19.81952,273.4755,0.0,0.0,6575.233,1772.27
2021-02-23,2021,10.92813,0.886796,0.860693,0.707548,373.6584,1.566667,0.166721,376.09933599999994,20.49418,20.10156,2871.59,1286.135,1450.892,5523.372,3783.459
2021-02-24,2021,12.0125,285.4795,268.217,220.4925,373.6892,1.523238,0.136143,595.841081,20.61754,20.27938,2871.59,1229.265,1437.03,4499.586,3690.137
2021-02-25,2021,10.03021,8.115402,11.63919,9.568196,373.7223,1.775735,0.161941,385.22817200000003,20.61271,20.29628,2871.59,1329.578,1436.671,5374.167,3787.332
2021-02-26,2021,13.83021,1121.451,1130.295,925.3585,373.7955,2.518579,0.119184,1301.791763,20.69289,20.37644,2871.59,1255.824,1428.775,3929.522,4027.117
2021-02-27,2021,15.59757,1583.189,1593.729,1306.679,373.9815,2.240884,0.064895,1682.966279,20.95015,20.76724,2871.59,1234.137,1397.011,2111.639,3904.004
2021-02-28,2021,15.74583,1567.861,1566.149,1286.798,373.6584,2.638361,0.123057,1663.217818,20.00631,20.05069,273.4755,0.0,0.0,4003.214,1924.478
2021-03-01,2021,15.56667,1431.244,1444.392,1187.387,373.6584,2.737994,0.137605,1563.920999,20.00007,19.90337,273.4755,0.0,0.0,4487.691,1955.173
2021-03-02,2021,15.91875,2511.143,2520.674,1599.544,373.6726,3.167245,0.066727,1976.4505720000002,20.84441,20.58883,2871.59,1329.24,1410.425,2172.055,4150.819
2021-03-03,2021,16.20799,2081.545,2109.47,1672.415,373.9025,2.671251,0.045221,2049.0339719999997,21.07987,20.99695,2871.59,1206.996,1380.193,1463.287,3987.788
2021-03-04,2021,16.51146,2014.466,2013.282,1642.869,374.1541,2.762925,0.038847,2019.824872,21.15241,21.11484,2871.59,1248.329,1374.156,1253.518,3955.791
2021-03-05,2021,13.50174,452.6565,470.5162,386.796,374.2839,1.024992,0.052709,762.157601,21.11502,21.07622,2871.59,1343.278,1375.19,1703.264,3335.539
2021-03-06,2021,12.79757,437.6423,436.692,358.9903,374.1916,1.340082,0.083083,734.6050650000001,20.954,20.83673,2871.59,1219.432,1395.426,2707.797,3432.201
2021-03-07,2021,14.83333,1437.913,1430.392,1168.525,373.6584,2.856463,0.163971,1545.2038340000001,20.00558,19.95364,273.4755,0.0,0.0,5375.925,2110.427
2021-03-08,2021,16.5441,2436.138,2448.834,1954.729,373.6584,3.636556,0.141614,2332.16557,20.00001,19.87095,273.4755,0.0,0.0,4622.415,2445.997
2021-03-09,2021,15.59826,1516.349,1535.873,1262.591,373.6771,2.462671,0.069453,1638.8002239999998,20.81886,20.63589,2871.59,1178.541,1414.812,2262.482,3871.841
2021-03-10,2021,15.70521,1551.939,1559.581,1282.081,373.8843,2.93293,0.060671,1658.9589009999997,20.9608,20.90134,2871.59,1182.035,1397.501,1971.068,3831.516
2021-03-11,2021,15.45521,1445.472,1458.59,1199.059,374.1788,2.599955,0.047824,1575.8855789999998,21.07954,21.03765,2871.59,1181.451,1383.19,1547.271,3701.333
2021-03-12,2021,14.74097,1046.104,1050.145,863.2896,374.2951,1.965857,0.048453,1239.59901,21.09757,21.07354,2871.59,1185.641,1381.504,1566.888,3503.762
2021-03-13,2021,13.30903,996.0693,1004.123,825.4565,374.4172,1.754974,0.074677,1201.703351,21.09447,21.04062,2871.59,1179.267,1382.572,2441.591,3640.993
2021-03-14,2021,14.63368,992.8038,994.9545,817.9197,373.6584,2.342548,0.117597,1194.038245,20.01633,20.16317,273.4755,0.0,0.0,3822.465,1606.254
2021-03-15,2021,13.57743,880.4107,887.2288,729.3619,373.6584,2.737001,0.164758,1105.9220589999998,19.99963,19.91367,273.4755,0.0,0.0,5408.717,1850.373
2021-03-16,2021,13.17257,1096.338,1098.397,898.9592,373.6799,2.557442,0.106062,1275.302604,20.80397,20.56045,2871.59,1201.208,1415.125,3507.522,3898.817
2021-03-17,2021,13.56493,1324.203,1328.17,1072.269,373.8663,2.636871,0.092133,1448.864304,20.95013,20.81918,2871.59,1181.824,1397.383,3031.107,3902.892
2021-03-18,2021,14.55417,1161.432,1163.505,956.4795,374.1542,1.786914,0.053169,1332.4737830000001,21.11118,21.04123,2871.59,1180.505,1378.474,1725.592,3586.698
2021-03-19,2021,15.1559,2095.607,2110.846,1488.764,374.4515,2.914154,0.070792,1866.2004459999998,21.16656,21.11464,2871.59,1231.49,1374.739,2319.144,4052.359
2021-03-20,2021,16.84896,2212.88,2224.636,1826.53,374.8927,3.280782,0.030199,2204.7336809999997,21.29122,21.30963,2871.59,1186.05,1359.721,972.9101,3977.474
2021-03-21,2021,16.01389,1675.195,1667.782,1371.029,373.6584,2.77104,0.090447,1747.5488870000001,20.03501,20.31462,273.4755,0.0,0.0,2927.621,1773.844
2021-03-22,2021,14.25903,703.4023,707.9968,582.0211,373.6584,1.747071,0.143979,957.5705499999999,19.99998,19.98946,273.4755,0.0,0.0,4701.188,1627.768
2021-03-23,2021,14.24514,849.0688,878.6716,722.3273,373.6898,1.785297,0.079132,1097.881529,20.80202,20.57566,2871.59,1151.469,1415.769,2586.511,3588.413
2021-03-24,2021,13.12361,1044.058,1040.082,855.0178,373.8961,2.279503,0.090481,1231.283884,20.96444,20.8352,2871.59,1189.397,1395.164,2977.925,3765.653
2021-03-25,2021,16.41319,2190.989,2195.914,1583.679,374.3143,3.032669,0.048962,1961.074931,21.17166,21.11323,2871.59,1159.532,1373.127,1590.597,3929.6
2021-03-26,2021,15.775,1755.93,1771.481,1456.276,374.679,2.185254,0.036115,1833.176369,21.25163,21.28661,2871.59,1175.445,1363.286,1166.481,3782.19
2021-03-27,2021,15.78681,1630.63,1633.054,1342.481,374.9396,2.211691,0.032738,1719.665029,21.28332,21.31819,2871.59,1136.964,1361.14,1055.702,3669.304
2021-03-28,2021,14.9434,1552.071,1560.748,1282.284,373.6584,2.472826,0.110086,1658.525312,20.03167,20.24947,273.4755,0.0,0.0,3576.615,1841.621
2021-03-29,2021,18.63437,3521.188,3542.521,2018.854,373.6584,5.95466,0.118384,2398.585444,20.0005,20.07634,273.4755,0.0,0.0,3862.753,2343.765
2021-03-30,2021,16.76528,2154.196,2174.617,1787.681,373.8602,3.730664,0.035172,2165.307036,21.23968,21.22134,2871.59,1150.795,1364.293,1138.409,3963.258
2021-03-31,2021,15.98681,1736.244,1746.651,1435.865,374.5934,2.92076,0.024016,1813.403176,21.36967,21.41386,2871.59,1140.687,1350.869,773.508,3675.438
2021-04-01,2021,16.77847,2182.964,2183.374,1779.383,375.0846,2.93294,0.025955,2157.426495,21.4095,21.46121,2871.59,1159.215,1347.889,836.6348,3906.984
2021-04-02,2021,16.95278,2289.128,2299.314,1890.191,375.6244,2.987899,0.021178,2268.824477,21.46734,21.53874,2871.59,1125.624,1343.153,681.5182,3925.041
2021-04-03,2021,17.58889,2666.221,2683.428,2161.035,377.3232,3.483281,0.015864,2541.8573449999994,21.60135,21.69218,2871.59,1161.532,1329.683,510.3278,4080.151
2021-04-04,2021,15.63333,1541.376,1548.994,1273.377,373.6584,2.445258,0.060809,1649.541467,20.09318,20.4787,273.4755,0.0,0.0,1961.789,1533.301
2021-04-05,2021,16.06389,1812.336,1820.893,1494.303,373.6584,3.011899,0.105131,1871.0784300000003,19.99999,20.13892,273.4755,0.0,0.0,3411.333,1939.428
2021-04-06,2021,14.86319,1446.139,1456.491,1196.781,373.77,2.340637,0.060234,1572.951871,21.04778,20.94269,2871.59,1138.66,1385.885,1967.59,3752.459
2021-04-07,2021,15.68194,2033.728,2034.287,1547.33,374.2148,2.833833,0.052092,1924.4307249999997,21.23,21.2044,2871.59,1156.086,1366.065,1701.304,3926.07
2021-04-08,2021,17.68611,2917.293,2944.104,1889.107,375.3553,3.687804,0.031243,2268.181347,21.44031,21.47073,2871.59,1147.074,1348.064,1011.587,3999.558
2021-04-09,2021,17.75486,2770.645,2778.735,2199.594,378.14,3.524658,0.010605,2581.2692629999997,21.6708,21.79119,2871.59,1133.872,1324.289,341.1312,4055.538
2021-04-10,2021,17.55,2874.647,2890.584,1914.901,379.7261,3.306249,0.01549,2297.9488390000006,21.72327,21.84047,2871.59,1183.32,1322.742,498.9163,3943.405
2021-04-11,2021,18.83681,3845.587,3860.782,2081.45,373.6584,4.416717,0.028435,2459.553552,20.15588,20.66202,273.4755,0.0,0.0,915.6349,1827.951
2021-04-12,2021,21.41945,5503.995,5534.741,2811.031,373.6584,6.454373,0.035503,3191.179276,20.03532,20.44324,273.4755,0.0,0.0,1142.236,2313.816
2021-04-13,2021,20.82292,5078.476,5106.96,2767.668,377.2718,5.736009,0.010392,3150.6862010000004,21.75274,21.83519,2871.59,1178.609,1314.658,334.2669,4426.427
2021-04-14,2021,18.78958,3463.218,3485.97,2519.863,387.118,4.305901,0.000834,2911.287735,22.10924,22.31219,2871.59,1148.259,1289.308,26.84053,4205.299
2021-04-15,2021,17.96458,3087.873,3101.187,2081.345,386.2964,3.543165,0.004801,2471.189366,22.02405,22.22092,2871.59,1124.683,1297.591,154.4194,3948.241
2021-04-16,2021,19.93819,5598.939,5631.012,2655.365,389.4039,6.313363,0.005428,3051.087691,22.06645,22.25343,2871.59,1133.157,1296.281,174.6022,4308.58
2021-04-17,2021,20.07431,5410.978,5441.512,3040.661,399.0465,5.967541,0.001494,3445.676535,22.26935,22.49707,2871.59,1177.158,1278.474,48.04109,4550.628
2021-04-18,2021,19.40764,3580.021,3608.421,2502.317,373.6584,5.142725,0.003974,2881.122099,20.48848,21.10075,273.4755,0.0,0.0,127.8199,1935.658
2021-04-19,2021,19.11354,3479.422,3494.423,2107.353,373.6584,4.358377,0.037972,2485.407749,20.02723,20.46782,273.4755,0.0,0.0,1223.662,1901.392
2021-04-20,2021,19.29792,3601.468,3619.973,2213.328,375.5329,4.783572,0.018512,2593.662984,21.61671,21.65519,2871.59,1245.411,1326.093,596.4368,4178.526
2021-04-21,2021,17.68924,2782.829,2798.878,2152.913,381.3724,3.286026,0.003441,2537.5748670000003,21.8777,22.05055,2871.59,1137.392,1307.598,110.6962,3987.972
2021-04-22,2021,17.61493,2712.966,2731.548,2139.153,379.7404,3.505543,0.009923,2522.408866,21.76713,21.93969,2871.59,1110.268,1318.975,319.1985,4001.45
2021-04-23,2021,18.68507,3353.658,3369.583,2371.26,383.9256,4.430788,0.008908,2759.625296,21.87079,22.0203,2871.59,1109.603,1309.124,286.5483,4138.677
2021-04-24,2021,18.9243,4584.74,4600.252,2661.158,388.128,5.296982,0.00533,3054.588312,22.02392,22.2166,2871.59,1184.166,1294.97,171.4351,4341.019
2021-04-25,2021,18.53333,4377.366,4401.855,2963.122,373.6584,4.763659,0.028606,3341.5726649999997,20.17566,20.69933,273.4755,0.0,0.0,920.1478,2363.3
2021-04-26,2021,19.41736,4994.965,5023.769,2815.802,373.6584,5.796539,0.059213,3195.316152,20.0027,20.32491,273.4755,0.0,0.0,1907.299,2459.819
2021-04-27,2021,19.73195,5517.346,5550.322,2612.651,374.2485,6.197257,0.021607,2993.118364,21.49877,21.51146,2871.59,1104.6,1346.162,697.8813,4354.292
2021-04-28,2021,24.26528,7129.566,7168.643,3498.196,389.5827,8.365914,0.001093,3896.1457069999997,22.23575,22.4025,2871.59,1181.794,1284.732,35.14785,4824.002
2021-04-29,2021,27.02535,10337.94,10397.41,3973.566,461.5738,12.61108,0.0,4447.75088,22.96288,23.29212,2871.59,1155.447,1245.861,0.0,5135.717
2021-04-30,2021,21.99201,9543.173,9591.027,3660.415,510.6522,11.12422,0.0,4182.191419999999,23.26346,23.7737,2871.59,1191.294,1231.929,0.0,4996.511
2021-05-01,2021,20.96319,6519.843,6555.639,3339.436,446.3233,7.329192,2.5e-05,3793.088517,22.89427,23.29783,2871.59,1153.088,1247.117,0.795112,4737.71
2021-05-02,2021,19.12535,3465.503,3488.616,2690.021,373.6584,3.817703,0.000528,3067.497631,21.03708,21.70931,273.4755,0.0,0.0,16.99763,2027.816
2021-05-03,2021,17.55729,2623.178,2640.83,1942.548,373.6584,3.196797,0.028575,2319.431772,20.07964,20.58591,273.4755,0.0,0.0,919.1915,1743.704
2021-05-04,2021,18.13715,2937.103,2953.748,2316.017,374.3969,3.540207,0.020616,2693.974723,21.44043,21.49339,2871.59,1088.347,1344.98,664.1607,4156.837
2021-05-05,2021,18.53993,3324.257,3337.454,2460.686,377.5155,3.662347,0.009517,2841.873364,21.70503,21.8366,2871.59,1084.554,1322.382,306.1412,4177.015
2021-05-06,2021,19.26181,4179.563,4201.638,2705.395,382.2517,4.466063,0.005953,3092.118716,21.87814,22.03517,2871.59,1083.807,1309.489,191.4788,4306.704
2021-05-07,2021,20.17951,5400.069,5431.214,2995.18,387.9423,5.858422,0.003261,3388.9839829999996,22.05162,22.2252,2871.59,1101.991,1298.32,104.8846,4481.382
2021-05-08,2021,20.76076,5642.93,5675.735,3055.838,397.9336,6.237937,0.001239,3460.010776,22.30037,22.5202,2871.59,1095.82,1282.444,39.8625,4508.489
2021-05-09,2021,20.825,6081.888,6116.815,3357.631,373.6584,6.541392,0.000194,3737.830986,20.78036,21.41237,273.4755,0.0,0.0,6.236099,2432.019
2021-05-10,2021,19.91042,5599.925,5633.503,3249.302,373.6584,6.054809,0.014395,3629.0296040000003,20.05692,20.58349,273.4755,0.0,0.0,463.028,2451.761
2021-05-11,2021,20.97639,8016.49,8061.942,3473.171,375.2537,9.085708,0.013333,3857.5237409999995,21.6594,21.72099,2871.59,1102.328,1330.695,428.9511,4826.303
2021-05-12,2021,21.93715,7657.25,7698.91,3367.215,393.2423,8.632468,0.000245,3769.090013,22.28992,22.49323,2871.59,1111.414,1280.118,7.896199,4699.246
2021-05-13,2021,21.62951,8027.961,8074.454,3501.238,414.313,9.108561,2e-06,3924.659563,22.63337,22.91693,2871.59,1074.669,1260.179,0.070547,4769.785
2021-05-14,2021,23.27222,10639.54,10717.99,3872.062,428.0568,12.5001,3e-06,4312.6189030000005,22.79695,23.10898,2871.59,1101.886,1253.998,0.098761,5021.387
2021-05-15,2021,26.25556,12763.13,13226.52,4372.655,499.1179,16.10928,0.0,4887.88218,23.10203,23.50171,2871.59,1149.29,1239.604,0.0,5398.705
2021-05-16,2021,30.13785,14238.28,15147.2,4792.937,393.9404,18.13338,0.0,5205.0107800000005,22.46833,23.15696,273.4755,0.0,0.0,0.0,3319.959
2021-05-17,2021,24.99618,11160.53,11219.18,3872.757,379.6828,12.96121,0.0,4265.4010100000005,22.47235,23.21132,273.4755,0.0,0.0,0.0,2750.557
2021-05-18,2021,22.79722,10628.99,10686.88,3773.182,465.3961,12.48007,0.0,4251.058169999999,23.0833,23.50927,2871.59,1092.257,1237.072,0.0,4978.228
2021-05-19,2021,23.12639,10541.62,10599.3,3837.211,464.8983,12.44134,0.0,4314.55064,23.10653,23.53085,2871.59,1081.041,1240.644,0.0,5009.907
2021-05-20,2021,29.75382,13618.08,13792.83,4535.938,625.9517,17.34426,0.0,5179.23396,23.39247,23.92612,2871.59,1196.109,1232.436,0.0,5603.636
2021-05-21,2021,23.77813,11967.67,12026.85,3954.311,652.3136,14.73279,0.0,4621.35739,23.61147,24.28978,2871.59,1086.121,1228.472,0.0,5198.91
2021-05-22,2021,21.8059,9810.098,9865.605,3693.054,516.6184,11.48605,0.0,4221.158450000001,23.32616,23.86786,2871.59,1099.833,1234.167,0.0,4964.7
2021-05-23,2021,21.66354,7721.076,7762.306,3492.451,373.6584,8.483818,0.0,3874.593218,21.68083,22.38838,273.4755,0.0,0.0,0.0,2513.728
2021-05-24,2021,21.8066,6379.445,6415.867,3369.173,373.6584,6.889995,1e-06,3749.7213959999995,20.84226,21.48134,273.4755,0.0,0.0,0.021708,2438.059
2021-05-25,2021,21.40972,5942.618,5977.952,2987.61,388.681,6.540186,0.000205,3382.831391,22.20525,22.40484,2871.59,1085.816,1283.633,6.603966,4449.418
2021-05-26,2021,25.08854,9487.809,9543.865,3825.821,427.9138,10.98411,1e-06,4264.718911000001,22.77721,23.06311,2871.59,1077.021,1254.406,0.029276,4977.278
2021-05-27,2021,22.2875,9481.804,9531.284,3650.036,465.5898,11.04588,0.0,4126.6716799999995,23.08008,23.51221,2871.59,1115.719,1238.245,0.0,4917.068
2021-05-28,2021,21.23056,8193.843,8239.476,3536.125,443.1318,9.29381,0.0,3988.5506100000002,22.9062,23.2809,2871.59,1117.464,1247.747,0.0,4834.424
2021-05-29,2021,23.36389,9433.172,9485.984,3751.978,447.1982,10.98169,3.5e-05,4210.1579249999995,22.93383,23.29397,2871.59,1102.547,1249.029,1.119567,4959.888
2021-05-30,2021,23.90868,9774.799,9829.607,3728.421,373.6584,11.14295,0.0,4113.22235,21.813,22.49824,273.4755,0.0,0.0,0.0,2658.336
2021-05-31,2021,22.93854,8723.255,8770.002,3586.795,373.6584,9.795129,0.0,3970.248529,21.08905,21.73941,273.4755,0.0,0.0,0.0,2571.694
2021-06-01,2021,24.3684,9521.149,9595.58,3810.384,403.557,10.94946,0.0,4224.89046,22.49907,22.72266,2871.59,1108.136,1267.147,0.0,4971.993
2021-06-02,2021,28.44167,13458.87,13921.38,4539.741,527.6261,17.07331,0.0,5084.440409999999,23.17977,23.60031,2871.59,1154.725,1237.486,0.0,5521.113
2021-06-03,2021,23.22153,15517.24,15805.41,4385.161,566.1041,19.75609,0.0,4971.02119,23.45648,24.04611,2871.59,1070.42,1229.659,0.0,5401.292
2021-06-04,2021,21.7941,11718.61,11783.59,3920.958,476.0032,14.04642,0.0,4411.007619999999,23.15923,23.63293,2871.59,1058.6,1239.788,0.0,5054.761
2021-06-05,2021,22.87778,11649.48,11712.52,3891.347,467.1976,13.80602,0.0,4372.35062,23.0716,23.50001,2871.59,1073.537,1241.679,0.0,5040.386
2021-06-06,2021,23.13333,9646.967,9699.554,3702.546,373.6584,10.95502,0.0,4087.1594199999995,21.64165,22.33176,273.4755,0.0,0.0,0.0,2642.542
2021-06-07,2021,23.32014,9840.197,9894.52,3731.725,373.6584,11.2001,0.0,4116.5835,20.97291,21.60759,273.4755,0.0,0.0,0.0,2660.373
2021-06-08,2021,23.40069,11323.46,11387.37,3878.26,401.4151,13.2259,0.0,4292.901000000001,22.48576,22.72409,2871.59,1083.53,1265.088,0.0,4998.296
2021-06-09,2021,24.06181,13329.8,13401.54,4112.813,443.3551,15.99505,0.0,4572.16315,22.93764,23.28595,2871.59,1089.06,1245.355,0.0,5170.88
2021-06-10,2021,24.85347,13889.83,13965.33,4184.493,484.0885,16.80078,0.0,4685.38228,23.14793,23.58185,2871.59,1066.962,1236.955,0.0,5226.1
2021-06-11,2021,25.84097,15005.42,15199.26,4364.347,518.1539,19.72125,0.0,4902.22215,23.28859,23.78093,2871.59,1076.737,1233.877,0.0,5363.428
2021-06-12,2021,25.96563,15934.72,16042.82,4523.286,570.3609,20.0715,0.0,5113.7184,23.4176,23.98046,2871.59,1080.455,1231.055,0.0,5493.848
2021-06-13,2021,24.68924,12774.75,12844.41,4115.989,373.659,15.05171,0.0,4504.699709999999,22.30882,23.03958,273.4755,0.0,0.0,0.0,2895.571
2021-06-14,2021,24.61944,11304.71,11364.57,3938.33,373.6584,13.06293,0.0,4325.05133,21.71372,22.39896,273.4755,0.0,0.0,0.0,2786.704
2021-06-15,2021,24.78889,12356.86,12426.16,4031.115,451.6421,14.70079,0.0,4497.45789,22.94538,23.30723,2871.59,1073.771,1241.384,0.0,5116.343
2021-06-16,2021,25.0625,16259.42,16469.15,4502.456,500.865,20.37728,0.0,5023.69828,23.23697,23.70738,2871.59,1062.246,1234.436,0.0,5428.261
2021-06-17,2021,25.60764,17644.24,18256.33,4792.076,537.7882,22.96541,0.0,5352.82961,23.35184,23.88084,2871.59,1073.78,1231.948,0.0,5634.704
2021-06-18,2021,26.57222,16683.09,16933.68,4646.231,582.3463,21.23888,0.0,5249.81618,23.44218,24.00943,2871.59,1083.625,1231.104,0.0,5578.244
2021-06-19,2021,25.29583,15648.73,15730.53,4404.749,590.9889,19.68829,0.0,5015.42619,23.50413,24.10683,2871.59,1081.767,1229.733,0.0,5435.077
2021-06-20,2021,24.45139,9681.286,9731.248,3698.755,373.667,11.03454,0.0,4083.45654,22.38872,23.12237,273.4755,0.0,0.0,0.0,2640.298
2021-06-21,2021,24.85174,10567.82,10629.56,3897.205,373.6799,12.18906,0.0,4283.07396,21.61112,22.28358,273.4755,0.0,0.0,0.0,2761.266
2021-06-22,2021,24.35521,13864.61,13937.36,4147.259,455.6152,16.77709,0.0,4619.65129,22.96663,23.34523,2871.59,1058.757,1240.19,0.0,5181.294
2021-06-23,2021,24.43333,13263.58,13335.32,4124.743,496.3841,16.11499,0.0,4637.242090000001,23.22317,23.68916,2871.59,1073.42,1235.058,0.0,5200.84
2021-06-24,2021,23.98819,13148.6,13218.4,4117.491,515.7887,16.03578,0.0,4649.31548,23.30256,23.81269,2871.59,1059.42,1233.754,0.0,5199.672
2021-06-25,2021,24.05278,14049.81,14124.78,4265.376,528.4453,17.36289,0.0,4811.184190000001,23.3402,23.86795,2871.59,1079.547,1233.236,0.0,5309.961
2021-06-26,2021,24.73819,13212.3,13281.79,4108.027,550.3575,16.12098,0.0,4674.50548,23.39047,23.94845,2871.59,1068.859,1231.615,0.0,5220.658
2021-06-27,2021,24.49097,11970.27,12037.15,3952.524,373.6585,13.9551,0.0,4340.1376,22.22276,22.93782,273.4755,0.0,0.0,0.0,2795.847
2021-06-28,2021,24.51667,11790.28,11852.06,3920.17,373.6584,13.73961,0.0,4307.56801,21.5477,22.21665,273.4755,0.0,0.0,0.0,2776.11
2021-06-29,2021,25.38333,13732.99,13831.37,4199.677,441.2822,16.54457,0.0,4657.503769999999,22.86597,23.1958,2871.59,1111.106,1244.287,0.0,5235.956
2021-06-30,2021,25.30139,15779.29,15972.56,4442.272,510.8326,19.68755,0.0,4972.792149999999,23.21659,23.67394,2871.59,1051.43,1234.572,0.0,5390.857
2021-07-01,2021,24.51458,11612.55,11674.4,3935.542,523.4517,13.91128,0.0,4472.90498,23.31334,23.82884,2871.59,1072.071,1232.794,0.0,5100.434
2021-07-02,2021,24.81319,14730.93,14810.4,4304.036,534.9044,18.20519,0.0,4857.14559,23.35023,23.8846,2871.59,1082.516,1232.416,0.0,5339.614
2021-07-03,2021,25.38646,15773.09,15856.17,4436.096,549.6932,19.61744,0.0,5005.406639999999,23.39298,23.94716,2871.59,1082.652,1231.641,0.0,5429.542
2021-07-04,2021,25.18993,13181.4,13253.32,4085.369,373.6584,15.47876,0.0,4474.50616,22.30151,23.03114,273.4755,0.0,0.0,0.0,2877.274
2021-07-05,2021,25.06319,13086.59,13157.83,4063.742,373.6584,15.37199,0.0,4452.77239,21.73901,22.41845,273.4755,0.0,0.0,0.0,2864.104
2021-07-06,2021,25.34132,15411.77,15737.99,4410.349,459.1075,19.1329,0.0,4888.5894,22.95956,23.32158,2871.59,1068.362,1240.222,0.0,5350.091
2021-07-07,2021,25.78924,17729.79,18113.5,4725.911,516.387,22.63298,0.0,5264.93098,23.27078,23.75925,2871.59,1061.231,1233.15,0.0,5573.833
2021-07-08,2021,25.71319,18561.73,19018.96,4872.04,559.9523,24.10203,0.0,5456.09433,23.40644,23.96522,2871.59,1059.694,1231.075,0.0,5688.746
2021-07-09,2021,24.39097,14717.27,14793.91,4330.143,551.5938,18.27047,0.0,4900.00727,23.45205,24.01659,2871.59,1146.379,1230.948,0.0,5404.288
2021-07-10,2021,25.4125,15549.35,15631.37,4404.855,576.5773,19.47509,0.0,5000.907389999999,23.45927,24.04678,2871.59,1056.441,1230.566,0.0,5410.932
2021-07-11,2021,25.94479,14605.11,14685.15,4272.88,373.8251,17.47878,0.0,4664.1838800000005,22.49803,23.23924,273.4755,0.0,0.0,0.0,2992.219
2021-07-12,2021,25.50937,14949.56,15029.5,4297.895,373.7269,17.94803,0.0,4689.56993,21.95157,22.65349,273.4755,0.0,0.0,0.0,3007.603
2021-07-13,2021,25.06875,15350.58,15449.05,4364.603,475.3931,18.88559,0.0,4858.88169,23.07708,23.4932,2871.59,1076.131,1237.021,0.0,5336.796
2021-07-14,2021,25.12292,15906.47,15990.75,4454.515,535.4772,19.89291,0.0,5009.88511,23.34415,23.87029,2871.59,1063.746,1231.916,0.0,5420.799
2021-07-15,2021,25.93993,19245.52,19908.27,5021.999,580.2623,25.44986,0.0,5627.71116,23.44864,24.02769,2871.59,1065.404,1230.464,0.0,5796.206
2021-07-16,2021,26.04688,20523.31,21329.15,5222.165,598.6533,27.50114,0.0,5848.31944,23.51373,24.12483,2871.59,1055.249,1229.786,0.0,5923.74
2021-07-17,2021,27.14792,21508.2,22643.24,5541.538,639.2983,29.59883,0.0,6210.43513,23.56835,24.2102,2871.59,1072.668,1229.216,0.0,6153.738
2021-07-18,2021,27.25972,18871.0,19452.22,4968.781,377.2694,23.98879,0.0,5370.03919,22.78563,23.53879,273.4755,0.0,0.0,0.0,3419.966
2021-07-19,2021,26.75486,16807.16,16895.2,4576.455,375.3788,20.49093,0.0,4972.32473,22.34412,23.06456,273.4755,0.0,0.0,0.0,3178.952
2021-07-20,2021,26.36667,18315.26,18853.99,4872.96,543.0476,23.78327,0.0,5439.79087,23.26012,23.75346,2871.59,1065.215,1232.127,0.0,5682.212
2021-07-21,2021,26.23785,18888.96,19449.69,4968.107,592.3439,24.89656,0.0,5585.34746,23.46108,24.04529,2871.59,1051.526,1229.945,0.0,5762.124
2021-07-22,2021,26.63507,20487.6,21370.15,5297.036,615.2408,27.6694,0.0,5939.946199999999,23.52521,24.13749,2871.59,1073.436,1229.568,0.0,5990.288
2021-07-23,2021,26.51875,19030.8,19166.55,4905.797,650.7432,24.66112,0.0,5581.201319999999,23.57928,24.22743,2871.59,1054.883,1228.942,0.0,5761.646
2021-07-24,2021,26.82292,20604.99,21352.32,5281.543,649.9417,27.81887,0.0,5959.30357,23.59006,24.23774,2871.59,1071.775,1228.95,0.0,6001.012
2021-07-25,2021,26.70208,17783.75,18058.06,4727.184,376.5237,22.11818,0.0,5125.82588,22.75992,23.51073,273.4755,0.0,0.0,0.0,3271.973
2021-07-26,2021,27.48333,18990.53,19525.69,5002.974,375.4832,24.10205,0.0,5402.55925,22.29267,23.00681,273.4755,0.0,0.0,0.0,3439.674
2021-07-27,2021,27.02917,21207.19,22872.77,5618.395,557.8737,29.42028,0.0,6205.688980000001,23.31198,23.81839,2871.59,1085.026,1231.727,0.0,6158.351
2021-07-28,2021,26.42396,18246.42,18460.14,4824.562,630.0707,23.53105,0.0,5478.16375,23.53782,24.14776,2871.59,1068.035,1229.203,0.0,5707.174
2021-07-29,2021,26.75937,19234.18,19704.21,5039.468,649.762,25.43594,0.0,5714.66594,23.55509,24.17838,2871.59,1064.117,1229.089,0.0,5848.121
2021-07-30,2021,26.21667,16081.36,16164.36,4482.63,635.2648,20.38677,0.0,5138.28157,23.54915,24.17484,2871.59,1071.854,1229.243,0.0,5503.521
2021-07-31,2021,25.19792,16404.02,16498.13,4505.035,599.2294,20.7558,0.0,5125.0202,23.51461,24.13428,2871.59,1068.903,1229.681,0.0,5493.696
2021-08-01,2021,27.80556,18653.31,19426.46,5041.988,378.3951,23.80003,0.0,5444.18313,22.62408,23.35747,273.4755,0.0,0.0,0.0,3464.898
2021-08-02,2021,27.52847,19134.26,19668.84,5013.824,378.6236,24.20679,0.0,5416.65439,22.39779,23.1181,273.4755,0.0,0.0,0.0,3448.215
2021-08-03,2021,27.06736,21315.23,22664.53,5493.174,578.9105,29.24995,0.0,6101.33445,23.34302,23.87263,2871.59,1078.557,1230.769,0.0,6091.191
2021-08-04,2021,27.52396,23023.46,24848.05,5869.482,650.2596,32.65091,0.0,6552.392510000001,23.5513,24.16933,2871.59,1053.594,1229.024,0.0,6349.405
2021-08-05,2021,27.80903,23492.89,25251.3,6033.155,684.1663,33.56936,0.0,6750.89066,23.62046,24.28868,2871.59,1072.482,1228.735,0.0,6481.141
2021-08-06,2021,27.78437,23138.76,24662.96,5935.924,714.5447,32.81559,0.0,6683.2842900000005,23.66362,24.36138,2871.59,1076.203,1228.477,0.0,6442.427
2021-08-07,2021,27.15764,19691.79,20241.12,5197.263,685.4572,26.40065,0.0,5909.120849999999,23.66255,24.34493,2871.59,1085.441,1228.442,0.0,5978.882
2021-08-08,2021,27.4309,18026.67,18442.35,4850.266,380.6857,22.63933,0.0,5253.59103,22.92417,23.6892,273.4755,0.0,0.0,0.0,3349.399
2021-08-09,2021,26.5191,17163.39,17446.72,4678.962,376.4169,21.31121,0.0,5076.6901100000005,22.44032,23.17113,273.4755,0.0,0.0,0.0,3242.197
2021-08-10,2021,26.81667,19230.75,19837.96,5055.238,559.5884,25.26682,0.0,5640.09322,23.32803,23.85061,2871.59,1087.534,1231.253,0.0,5817.12
2021-08-11,2021,26.86319,20165.57,20869.7,5233.397,634.7424,27.03951,0.0,5895.17891,23.53553,24.15635,2871.59,1082.765,1229.293,0.0,5968.812
2021-08-12,2021,26.94514,20846.94,21630.61,5348.364,654.1547,28.19373,0.0,6030.71243,23.59109,24.24161,2871.59,1083.667,1228.973,0.0,6051.492
2021-08-13,2021,27.1059,20859.85,21530.81,5334.106,680.6716,28.17455,0.0,6042.952149999999,23.62395,24.2966,2871.59,1074.518,1228.674,0.0,6053.365
2021-08-14,2021,27.64792,23517.75,25347.93,6024.296,691.2555,33.80655,0.0,6749.358050000001,23.63888,24.31722,2871.59,1080.326,1228.628,0.0,6484.966
2021-08-15,2021,27.69062,18453.2,18989.3,4931.663,380.1328,23.27764,0.0,5335.07344,22.88273,23.63689,273.4755,0.0,0.0,0.0,3398.777
2021-08-16,2021,26.50729,15943.3,16034.41,4507.41,374.5735,19.33852,0.0,4901.3220200000005,22.31462,23.03816,273.4755,0.0,0.0,0.0,3135.925
2021-08-17,2021,26.47743,17107.95,17414.69,4739.946,535.3746,21.91457,0.0,5297.23517,23.2735,23.76246,2871.59,1114.616,1232.077,0.0,5625.76
2021-08-18,2021,27.66042,20670.0,21644.33,5426.681,627.3399,28.17401,0.0,6082.194909999999,23.51964,24.11961,2871.59,1100.549,1229.171,0.0,6092.92
2021-08-19,2021,28.01667,21761.28,22698.78,5601.346,688.3759,29.91305,0.0,6319.63495,23.62375,24.28772,2871.59,1088.165,1228.741,0.0,6229.304
2021-08-20,2021,27.63403,21283.32,21965.12,5458.771,721.2778,29.02984,0.0,6209.07864,23.67236,24.37622,2871.59,1069.776,1228.442,0.0,6151.164
2021-08-21,2021,27.78437,23104.54,24748.79,5989.058,721.1339,33.12693,0.0,6743.31883,23.68479,24.38852,2871.59,1096.035,1228.472,0.0,6490.826
2021-08-22,2021,27.88368,20414.25,21930.22,5406.727,387.5904,27.17659,0.0,5821.49399,23.03224,23.79769,273.4755,0.0,0.0,0.0,3693.548
2021-08-23,2021,27.17917,17421.78,17633.85,4701.31,377.0016,21.45501,0.0,5099.76661,22.54192,23.27661,273.4755,0.0,0.0,0.0,3256.182
2021-08-24,2021,27.46979,19808.33,20565.12,5195.608,582.6181,26.39264,0.0,5804.61874,23.35194,23.88495,2871.59,1069.568,1230.734,0.0,5905.935
2021-08-25,2021,27.73576,21065.36,22002.3,5460.951,643.9984,28.79704,0.0,6133.74644,23.55723,24.17724,2871.59,1091.545,1229.072,0.0,6118.704
2021-08-26,2021,27.59479,22392.53,23838.5,5786.604,682.3431,31.61813,0.0,6500.56523,23.62226,24.28671,2871.59,1065.962,1228.706,0.0,6325.494
2021-08-27,2021,27.29792,19334.8,19452.51,5012.807,699.1771,25.317,0.0,5737.3011,23.65661,24.35074,2871.59,1074.022,1228.531,0.0,5867.84
2021-08-28,2021,26.6809,18365.37,18460.21,4838.548,700.26,23.81151,0.0,5562.61951,23.67195,24.36929,2871.59,1103.118,1228.368,0.0,5779.614
2021-08-29,2021,27.23021,16465.88,16702.18,4594.108,384.7851,20.21359,0.0,4999.1066900000005,22.94843,23.70423,273.4755,0.0,0.0,0.0,3195.182
2021-08-30,2021,26.68993,16340.52,16486.6,4529.32,376.1975,19.95581,0.0,4925.47331,22.43297,23.15615,273.4755,0.0,0.0,0.0,3150.56
2021-08-31,2021,26.04167,17574.88,17739.99,4670.657,547.1672,22.24015,0.0,5240.06435,23.29392,23.80631,2871.59,1096.082,1231.508,0.0,5579.883
2021-09-01,2021,25.68576,18409.77,19016.43,4924.343,562.969,24.19183,0.0,5511.50383,23.43385,23.98986,2871.59,1134.196,1230.532,0.0,5767.472
2021-09-02,2021,26.26597,19076.78,19711.38,5062.859,605.4934,25.26976,0.0,5693.622160000001,23.50064,24.10003,2871.59,1136.419,1229.714,0.0,5879.183
2021-09-03,2021,25.58264,17312.92,17436.39,4685.383,612.9404,22.10813,0.0,5320.431529999999,23.54263,24.16472,2871.59,1129.035,1229.206,0.0,5648.555
2021-09-04,2021,25.49618,17790.97,18083.38,4754.605,614.223,22.97621,0.0,5391.804209999999,23.52811,24.14383,2871.59,1130.951,1229.298,0.0,5692.968
2021-09-05,2021,25.81944,14179.02,14254.64,4210.832,373.6686,16.81573,0.0,4601.316330000001,22.45038,23.18441,273.4755,0.0,0.0,0.0,2954.121
2021-09-06,2021,26.13472,13174.7,13247.04,4115.539,373.6863,15.49303,0.0,4504.71833,21.8785,22.5708,273.4755,0.0,0.0,0.0,2895.583
2021-09-07,2021,25.39271,15736.48,15955.82,4448.106,464.562,19.50954,0.0,4932.17754,23.057,23.44801,2871.59,1136.905,1237.908,0.0,5418.042
2021-09-08,2021,25.65382,15514.14,15595.36,4397.069,537.5195,19.15802,0.0,4953.746520000001,23.33712,23.85182,2871.59,1136.681,1231.556,0.0,5430.978
2021-09-09,2021,25.32153,13951.69,14025.73,4192.258,563.2222,17.08209,0.0,4772.56229,23.40985,23.97095,2871.59,1134.85,1230.7,0.0,5320.07
2021-09-10,2021,24.45382,13592.31,13664.75,4191.587,558.4146,16.71622,0.0,4766.717820000001,23.4255,23.98673,2871.59,1134.537,1231.04,0.0,5316.339
2021-09-11,2021,24.80868,13913.04,13986.82,4221.946,568.5125,17.14614,0.0,4807.60464,23.43769,24.0072,2871.59,1162.421,1230.881,0.0,5358.014
2021-09-12,2021,24.25625,11176.39,11238.15,3913.38,373.6584,12.91483,0.0,4299.95323,22.22618,22.95448,273.4755,0.0,0.0,0.0,2771.495
2021-09-13,2021,25.27569,13170.02,13242.53,4183.141,373.8754,15.53341,0.0,4572.5498099999995,21.62601,22.29463,273.4755,0.0,0.0,0.0,2936.688
2021-09-14,2021,25.73958,16882.08,17836.68,4834.933,460.6648,22.0174,0.0,5317.615199999999,22.97524,23.33278,2871.59,1147.434,1240.849,0.0,5657.998
2021-09-15,2021,26.09931,18163.19,18785.68,4908.79,535.4464,23.68788,0.0,5467.92428,23.31545,23.81166,2871.59,1137.303,1231.932,0.0,5742.945
2021-09-16,2021,27.22222,21552.89,23193.06,5693.051,597.6932,30.1224,0.0,6320.8666,23.4529,24.0182,2871.59,1119.035,1230.139,0.0,6248.758
2021-09-17,2021,25.64305,20137.49,21382.16,5357.457,613.799,27.62383,0.0,5998.879830000001,23.52744,24.13429,2871.59,1192.351,1229.34,0.0,6098.063
2021-09-18,2021,25.80174,19349.21,20301.9,5184.939,608.275,26.03374,0.0,5819.24774,23.51241,24.11584,2871.59,1173.148,1229.629,0.0,5977.57
2021-09-19,2021,26.19896,15849.12,15933.91,4434.195,373.9162,19.0416,0.0,4827.152799999999,22.47492,23.21075,273.4755,0.0,0.0,0.0,3090.978
2021-09-20,2021,25.57604,14883.83,14963.05,4309.523,373.7435,17.80964,0.0,4701.07614,21.85073,22.5441,273.4755,0.0,0.0,0.0,3014.576
2021-09-21,2021,23.96632,13998.22,14242.83,4247.571,449.8205,17.23265,0.0,4714.62415,22.96039,23.31934,2871.59,1197.628,1240.99,0.0,5323.003
2021-09-22,2021,25.50069,16580.57,17199.86,4720.808,501.3049,21.37322,0.0,5243.4861200000005,23.2186,23.66437,2871.59,1159.247,1235.851,0.0,5620.234
2021-09-23,2021,26.39514,18279.32,18813.86,4917.855,562.1364,23.6955,0.0,5503.6869,23.39587,23.92817,2871.59,1179.548,1231.399,0.0,5790.219
2021-09-24,2021,26.57361,17128.3,17356.42,4735.476,611.7864,21.97035,0.0,5369.232749999999,23.49578,24.09043,2871.59,1168.922,1229.865,0.0,5702.3
2021-09-25,2021,24.90347,14497.64,14573.15,4282.788,593.1754,17.98462,0.0,4893.94802,23.51217,24.11544,2871.59,1202.0,1229.629,0.0,5434.322
2021-09-26,2021,25.22743,13433.68,13507.29,4142.297,373.7087,15.9106,0.0,4531.9163,22.32078,23.05044,273.4755,0.0,0.0,0.0,2912.064
2021-09-27,2021,26.08125,14387.57,14465.38,4245.178,373.7896,17.00922,0.0,4635.97682,21.78443,22.46463,273.4755,0.0,0.0,0.0,2975.125
2021-09-28,2021,26.16701,15901.88,16197.75,4515.882,479.2622,19.67242,0.0,5014.81662,22.97291,23.35595,2871.59,1183.225,1238.145,0.0,5496.192
2021-09-29,2021,26.35417,17912.68,18326.5,4801.878,552.3096,22.89903,0.0,5377.086629999999,23.31527,23.82752,2871.59,1168.794,1231.516,0.0,5706.982
2021-09-30,2021,25.41736,15980.67,16071.46,4458.698,573.3959,19.98756,0.0,5052.081459999999,23.39988,23.95398,2871.59,1178.794,1230.256,0.0,5516.088
2021-10-01,2021,23.86875,10054.95,10106.78,3770.164,535.2738,11.82483,0.0,4317.26263,23.32648,23.85825,2871.59,1214.401,1232.063,0.0,5092.367
2021-10-02,2021,22.1125,10453.92,10514.15,3771.88,488.2255,12.39554,0.0,4272.50104,23.18579,23.6575,2871.59,1190.852,1237.093,0.0,5050.971
2021-10-03,2021,23.09028,8509.247,8553.682,3628.034,373.6591,9.535188,0.0,4011.228288,21.75813,22.45666,273.4755,0.0,0.0,0.0,2596.528
2021-10-04,2021,23.78542,8754.127,8805.509,3682.227,373.8059,9.851098,0.0,4065.883998,21.16399,21.80161,273.4755,0.0,0.0,0.0,2629.649
2021-10-05,2021,23.43403,11095.39,11157.22,3856.194,423.6729,12.97631,1e-06,4292.843211,22.60708,22.88029,2871.59,1241.54,1252.698,0.033967,5094.021
2021-10-06,2021,23.15417,8732.518,8777.427,3590.036,462.4841,9.907459,0.0,4062.427559,23.00365,23.39779,2871.59,1176.462,1239.921,0.0,4914.946
2021-10-07,2021,21.83889,7417.272,7460.233,3446.567,452.5867,8.366198,0.0,3907.519898,22.9775,23.35874,2871.59,1212.88,1244.199,0.0,4843.141
2021-10-08,2021,23.51805,11473.08,11537.23,3859.247,458.8048,13.46417,0.0,4331.51597,22.97286,23.35561,2871.59,1206.044,1243.697,0.0,5095.94
2021-10-09,2021,23.38576,11406.44,11468.68,3857.014,474.4995,13.44014,0.0,4344.95364,23.05535,23.47463,2871.59,1183.304,1240.102,0.0,5090.303
2021-10-10,2021,23.27396,10228.62,10284.85,3733.135,373.6584,11.70651,0.0,4118.49991,21.71,22.4024,273.4755,0.0,0.0,0.0,2661.535
2021-10-11,2021,23.14236,9625.447,9678.335,3675.176,373.6584,10.95229,0.0,4059.78669,20.9319,21.57067,273.4755,0.0,0.0,0.0,2625.954
2021-10-12,2021,23.33924,10220.83,10278.06,3793.305,399.0387,11.79451,0.000106,4204.138316,22.31663,22.52287,2871.59,1228.865,1272.072,3.394948,5033.215
2021-10-13,2021,24.3316,13169.48,13282.35,4151.026,446.8377,15.92261,0.0,4613.7863099999995,22.88002,23.21371,2871.59,1221.016,1245.554,0.0,5276.068
2021-10-14,2021,25.77361,16737.77,17043.11,4616.074,496.9761,21.03029,0.0,5134.080389999999,23.1247,23.55101,2871.59,1204.605,1236.377,0.0,5581.422
2021-10-15,2021,24.77083,17330.52,17842.75,4709.126,516.2863,22.33071,0.0,5247.74301,23.25784,23.73876,2871.59,1216.06,1233.739,0.0,5657.243
2021-10-16,2021,23.53472,15822.11,15951.15,4378.759,516.3269,19.71706,0.0,4914.80296,23.26404,23.75713,2871.59,1221.963,1233.652,0.0,5459.058
2021-10-17,2021,23.63333,11673.36,11734.27,3861.25,373.6584,13.6146,0.0,4248.523,21.89732,22.60084,273.4755,0.0,0.0,0.0,2740.328
2021-10-18,2021,22.24375,6907.067,6948.188,3424.134,373.6584,7.590877,0.0,3805.383277,20.94972,21.59185,273.4755,0.0,0.0,0.005256,2471.787
2021-10-19,2021,19.86389,4672.657,4697.106,3123.182,384.3623,5.247329,0.0006,3512.792228999999,22.02306,22.2037,2871.59,1210.661,1292.557,19.30099,4606.211
2021-10-20,2021,18.98889,4243.648,4264.125,2644.92,387.8962,4.782982,0.002589,3037.6017710000006,22.09734,22.31374,2871.59,1205.343,1295.585,83.26797,4327.022
2021-10-21,2021,19.28681,4470.183,4495.213,2902.954,391.3221,4.849027,0.002646,3299.127773,22.13922,22.33384,2871.59,1227.885,1289.448,85.11124,4499.513
2021-10-22,2021,19.16875,4006.238,4028.353,2293.226,394.1117,4.650282,0.004313,2691.992295,22.15285,22.34779,2871.59,1237.877,1289.705,138.7462,4147.704
2021-10-23,2021,20.54306,4937.698,4966.814,2513.642,405.032,5.58488,0.002328,2924.261208,22.34209,22.56971,2871.59,1283.169,1276.422,74.88369,4303.927
2021-10-24,2021,22.49861,5808.475,5838.552,2939.158,373.6584,7.340156,0.000872,3320.157428,20.9235,21.54821,273.4755,0.0,0.0,28.044,2183.0
2021-10-25,2021,22.72917,6136.118,6168.846,3087.346,373.6584,7.600033,0.002571,3468.607004,20.48723,21.06928,273.4755,0.0,0.0,82.7005,2283.211
2021-10-26,2021,21.66493,6786.165,6829.013,3304.744,397.1707,7.707103,0.002222,3709.6240250000005,22.13342,22.30556,2871.59,1338.027,1281.903,71.48761,4812.463
2021-10-27,2021,21.51354,7956.597,7996.207,3511.062,407.9751,8.913791,0.0,3927.950891,22.53258,22.79387,2871.59,1229.587,1263.899,0.001741,4865.647
2021-10-28,2021,20.45903,5238.839,5270.495,3197.231,408.8382,5.616195,0.00023,3611.6856250000005,22.48584,22.74911,2871.59,1220.868,1267.814,7.391976,4670.093
2021-10-29,2021,20.96736,5371.494,5403.368,3303.767,408.1198,5.747498,0.000361,3717.634659,22.47382,22.73211,2871.59,1228.71,1268.727,11.62299,4739.844
2021-10-30,2021,21.21111,5767.398,5798.005,3336.697,414.0743,6.260061,0.00045,3757.0318110000003,22.51823,22.78778,2871.59,1223.127,1264.296,14.47591,4760.871
2021-10-31,2021,20.13056,5945.286,5980.775,2931.923,373.6584,6.494204,0.001862,3312.0774659999997,20.77936,21.41163,273.4755,0.0,0.0,59.89928,2184.078
2021-11-01,2021,22.22569,7834.768,7880.372,3518.159,373.6584,8.716896,0.011573,3900.545869,20.17888,20.70877,273.4755,0.0,0.0,372.2535,2599.274
2021-11-02,2021,21.23646,7423.321,7462.867,3472.93,378.6885,8.26505,0.007949,3859.8914989999994,21.80043,21.89548,2871.59,1232.521,1307.368,255.6779,4874.136
2021-11-03,2021,18.47326,4852.18,4881.022,2821.649,381.576,5.235765,0.002635,3208.4633999999996,21.9486,22.1249,2871.59,1262.026,1303.97,84.74313,4465.19
2021-11-04,2021,20.425,5574.767,5606.44,3316.199,383.8072,5.936279,0.004909,3705.9473880000005,21.94725,22.09417,2871.59,1229.636,1303.763,157.9017,4760.758
2021-11-05,2021,18.37778,4303.997,4327.328,2585.238,387.2302,4.574165,0.004121,2977.0464859999997,22.02853,22.19749,2871.59,1247.74,1297.106,132.5701,4325.265
2021-11-06,2021,18.22743,3992.626,4018.772,2371.603,389.7015,4.257886,0.005465,2765.5678510000002,22.05452,22.23138,2871.59,1278.362,1295.103,175.8029,4223.774
2021-11-07,2021,18.92535,4364.541,4388.668,2271.726,373.6584,4.77723,0.018127,2650.179757,20.32784,20.87373,273.4755,0.0,0.0,583.0796,1881.096
2021-11-08,2021,20.5,4871.739,4900.006,3198.316,373.6584,5.374196,0.03698,3577.3855759999997,20.05588,20.46674,273.4755,0.0,0.0,1189.52,2556.726
2021-11-09,2021,21.42083,8683.885,8734.947,3574.154,375.4663,9.847748,0.016148,3959.4841960000003,21.63351,21.66367,2871.59,1236.202,1326.126,519.5106,4986.204
2021-11-10,2021,20.57708,6683.244,6718.264,3387.152,386.0655,7.277149,0.001058,3780.495707,22.05181,22.21853,2871.59,1250.183,1293.464,34.02149,4795.151
2021-11-11,2021,18.9316,4138.913,4163.54,2739.832,390.3379,4.35603,0.002029,3134.527959,22.13641,22.32704,2871.59,1264.827,1289.428,65.24961,4418.426
2021-11-12,2021,17.80382,3444.844,3463.151,2077.138,389.3488,3.729531,0.008562,2470.2248929999996,22.0528,22.23543,2871.59,1288.45,1297.39,275.4061,4069.592
2021-11-13,2021,18.70208,4253.938,4279.769,2404.788,390.9442,4.574966,0.005611,2800.312777,22.07537,22.25318,2871.59,1251.154,1295.587,180.4797,4229.219
2021-11-14,2021,19.49583,5058.475,5087.363,3156.401,373.6584,5.415632,0.012803,3535.487835,20.4277,20.99428,273.4755,0.0,0.0,411.8138,2385.469
2021-11-15,2021,17.68542,3538.579,3558.573,2239.836,373.6584,4.058306,0.053807,2617.6065129999993,20.04744,20.41638,273.4755,0.0,0.0,1732.052,2076.858
2021-11-16,2021,17.01875,3176.269,3196.33,1898.897,373.9615,3.578926,0.031495,2276.468921,21.36005,21.33339,2871.59,1292.465,1351.898,1018.214,4093.93
2021-11-17,2021,17.75972,3379.093,3398.795,1928.755,375.6595,3.741486,0.020366,2308.176352,21.54137,21.59544,2871.59,1270.681,1336.208,655.9785,4032.003
2021-11-18,2021,17.57187,2765.761,2793.117,1803.016,378.2787,3.769823,0.0178,2185.082323,21.67431,21.76778,2871.59,1295.436,1324.266,573.3199,3956.906
2021-11-19,2021,17.43299,2686.591,2687.823,1855.009,379.5668,3.208803,0.013772,2237.798375,21.74204,21.85487,2871.59,1288.136,1318.326,443.0529,3959.995
2021-11-20,2021,16.94375,2532.115,2548.144,1749.392,380.5144,2.93979,0.017117,2132.8633069999996,21.76103,21.87686,2871.59,1285.653,1319.828,551.5992,3915.259
2021-11-21,2021,17.83819,2776.308,2788.398,1813.349,373.6584,3.715967,0.045684,2190.769051,20.16777,20.60307,273.4755,0.0,0.0,1470.09,1769.061
2021-11-22,2021,17.53403,2935.51,2951.741,1923.197,373.6584,3.612281,0.082513,2300.550194,20.01406,20.24226,273.4755,0.0,0.0,2665.939,2059.881
2021-11-23,2021,17.44167,2621.48,2641.332,1871.053,373.8945,3.111072,0.034589,2248.0931610000002,21.31631,21.25309,2871.59,1282.935,1358.791,1120.594,4090.161
2021-11-24,2021,18.08611,3201.522,3215.807,2119.551,376.0509,3.537956,0.016523,2499.156379,21.57357,21.63428,2871.59,1276.561,1333.201,531.7293,4127.996
2021-11-25,2021,19.09792,4429.364,4455.863,2767.435,379.8031,4.755944,0.009419,3152.003463,21.78821,21.89668,2871.59,1273.082,1314.069,302.9682,4478.605
2021-11-26,2021,17.53056,2724.624,2740.2,1753.511,382.0728,3.009745,0.010166,2138.6037109999997,21.82279,21.95146,2871.59,1272.79,1313.837,327.0093,3868.818
2021-11-27,2021,17.3375,2881.773,2896.575,1819.431,383.0023,3.114587,0.013217,2205.5611040000003,21.84636,21.97907,2871.59,1302.574,1312.153,425.1821,3945.857
2021-11-28,2021,17.62639,3658.776,3681.589,2155.772,373.6584,4.129505,0.041276,2533.6011809999995,20.18691,20.6385,273.4755,0.0,0.0,1327.71,1950.112
2021-11-29,2021,16.68889,2460.001,2475.501,1821.496,373.6584,3.16547,0.086194,2198.406064,20.00537,20.22506,273.4755,0.0,0.0,2786.391,2020.575
2021-11-30,2021,18.05972,3293.565,3312.162,2251.99,373.7961,3.740814,0.040646,2629.5675599999995,21.16725,21.057,2871.59,1284.5,1373.769,1317.874,4359.285
2021-12-01,2021,17.4316,2887.201,2906.117,1913.875,374.7044,3.226651,0.024768,2291.8308190000002,21.44302,21.46702,2871.59,1284.338,1343.527,799.3879,4057.271
2021-12-02,2021,21.17882,4728.704,4754.969,2705.51,382.1158,5.821964,0.005148,3093.4529120000007,21.86534,21.97335,2871.59,1341.075,1306.536,165.6059,4458.564
2021-12-03,2021,17.42361,2740.448,2755.909,1918.578,379.9773,2.978873,0.012864,2301.547037,21.79529,21.91901,2871.59,1293.417,1316.133,413.7979,3996.34
2021-12-04,2021,17.54861,2956.313,2970.048,2352.305,379.1416,3.226074,0.011559,2734.684233,21.74679,21.84712,2871.59,1374.266,1316.791,371.8163,4299.941
2021-12-05,2021,16.32222,1935.621,1946.189,1575.71,373.6584,2.467226,0.06898,1951.904606,20.0903,20.42994,273.4755,0.0,0.0,2225.16,1765.93
2021-12-06,2021,15.44028,1534.823,1548.994,1272.643,373.6584,2.439339,0.120283,1648.861022,20.00006,20.03858,273.4755,0.0,0.0,3911.039,1898.49
2021-12-07,2021,14.47639,923.2531,940.4202,773.0888,373.6957,1.894043,0.068758,1148.7473009999999,20.87375,20.65274,2871.59,1303.604,1406.362,2239.965,3646.433
2021-12-08,2021,14.62882,1446.137,1453.98,1183.344,373.9156,2.779951,0.068787,1560.108338,21.05755,20.93783,2871.59,1287.705,1385.072,2247.278,3887.455
2021-12-09,2021,14.97257,1318.947,1321.034,1085.979,374.0978,2.079042,0.049256,1462.2050980000001,21.1146,21.04045,2871.59,1354.531,1377.541,1593.075,3745.92
2021-12-10,2021,16.06701,1863.386,1871.244,1535.996,374.3199,3.137202,0.042898,1913.4959999999999,21.19982,21.15044,2871.59,1319.795,1368.917,1387.177,3959.733
2021-12-11,2021,16.85556,2219.294,2230.095,1833.288,374.7834,3.290482,0.028442,2211.3903239999995,21.35674,21.34909,2871.59,1314.556,1351.376,916.261,4048.757
2021-12-12,2021,15.90903,1645.252,1657.555,1346.126,373.6584,2.898717,0.079598,1722.762715,20.04018,20.30785,273.4755,0.0,0.0,2571.952,1692.115
2021-12-13,2021,15.05625,1321.179,1312.951,1079.334,373.6584,2.843501,0.152403,1455.9883040000002,19.9998,19.93659,273.4755,0.0,0.0,4984.797,1983.003
2021-12-14,2021,15.09618,1204.439,1231.557,1012.423,373.6709,2.303952,0.083994,1388.4818460000001,20.7763,20.56518,2871.59,1290.358,1417.001,2742.681,3877.974
2021-12-15,2021,14.78194,1144.706,1136.097,933.9487,373.8447,2.190882,0.068844,1310.053126,20.96893,20.80765,2871.59,1344.484,1392.651,2239.74,3768.916
2021-12-16,2021,14.19444,1161.26,1170.01,961.8268,373.9627,2.260655,0.075424,1338.1255790000002,20.96219,20.82191,2871.59,1281.23,1396.959,2458.57,3788.639
2021-12-17,2021,15.96597,1910.069,1922.082,1459.698,374.1877,2.698964,0.051705,1836.636369,21.14968,21.05883,2871.59,1286.844,1375.998,1680.129,3948.134
2021-12-18,2021,16.77847,2180.249,2189.094,1732.24,374.7016,3.058873,0.030061,2110.030534,21.35463,21.34905,2871.59,1296.072,1352.472,969.499,3986.117
2021-12-19,2021,16.77778,2105.983,2117.581,1738.858,373.6584,3.361323,0.075043,2115.952766,20.04932,20.32957,273.4755,0.0,0.0,2422.256,1902.311
2021-12-20,2021,16.91319,2175.172,2185.322,1794.378,373.6584,3.600926,0.109324,2171.74665,20.00126,20.07219,273.4755,0.0,0.0,3547.626,2147.196
2021-12-21,2021,16.95417,2254.761,2267.187,1776.821,373.7165,2.997072,0.050049,2153.584621,21.03238,20.87031,2871.59,1306.109,1387.845,1624.789,4141.5
2021-12-22,2021,15.82778,1756.217,1767.038,1355.488,374.0336,2.394846,0.039217,1731.955663,21.21067,21.16649,2871.59,1321.558,1367.042,1266.359,3828.128
2021-12-23,2021,14.18785,1223.457,1227.475,1007.09,374.2195,1.926872,0.056938,1383.29331,21.15637,21.12463,2871.59,1331.519,1374.057,1844.424,3731.297
2021-12-24,2021,13.62674,780.868,795.3521,653.8331,374.2089,1.703185,0.06342,1029.808605,21.06838,20.99926,2871.59,1305.1,1383.447,2056.892,3540.926
2021-12-25,2021,13.14861,832.4026,824.1058,676.5227,374.2119,1.702426,0.085559,1052.5225850000002,20.98521,20.87981,2871.59,1307.253,1394.09,2796.476,3694.712
2021-12-26,2021,13.73507,1027.638,1042.733,857.1965,373.6584,2.960836,0.155486,1233.9712220000001,20.00626,20.02786,273.4755,0.0,0.0,5107.521,1871.478
2021-12-27,2021,14.34688,1234.827,1237.14,999.4578,373.6584,3.099289,0.172058,1376.387547,19.99958,19.84031,273.4755,0.0,0.0,5655.405,2060.544
2021-12-28,2021,15.06597,1815.623,1826.654,1225.655,373.6734,3.128666,0.084633,1602.5416989999999,20.87063,20.62684,2871.59,1274.499,1408.546,2774.907,4004.128
2021-12-29,2021,13.87604,1467.552,1472.374,1108.862,373.8779,2.734129,0.080626,1485.554655,21.0691,20.97036,2871.59,1281.038,1385.078,2643.978,3912.64
2021-12-30,2021,14.68681,1384.1,1393.591,1140.277,374.1371,2.167059,0.053389,1516.634548,21.18278,21.13217,2871.59,1309.769,1370.908,1732.419,3777.913
2021-12-31,2021,14.19722,1330.722,1318.708,1054.338,374.1974,2.079686,0.063441,1430.678527,21.12816,21.07462,2871.59,1318.146,1379.432,2060.022,3792.345
2022-01-01,2022,13.41979,1534.636,1551.123,1259.385,374.2767,2.752502,0.089985,1636.5041870000002,21.13184,21.07089,2871.59,1299.218,1377.917,2961.959,4074.773
2022-01-02,2022,14.51181,1532.0,1546.486,1268.81,373.6584,2.977033,0.12904,1645.574473,20.02206,20.16656,273.4755,0.0,0.0,4214.945,1953.498
2022-01-03,2022,15.88403,1632.503,1638.441,1344.017,373.6584,2.817985,0.126644,1720.620029,20.00091,19.98158,273.4755,0.0,0.0,4122.916,1981.715
2022-01-04,2022,14.25521,1509.545,1511.514,1143.713,373.6815,2.489832,0.091775,1519.976107,20.8695,20.65077,2871.59,1313.376,1407.498,3023.606,4024.299
2022-01-05,2022,14.22118,1158.322,1163.962,954.1003,373.8427,1.691563,0.068747,1329.70331,20.98679,20.8511,2871.59,1306.412,1393.236,2238.705,3757.557
2022-01-06,2022,13.37708,1236.709,1244.589,987.2449,373.9651,2.146743,0.088118,1363.444861,21.00451,20.89101,2871.59,1287.208,1392.071,2888.347,3888.214
2022-01-07,2022,17.5,2584.196,2603.423,1716.866,374.4681,3.282192,0.0363,2094.6525920000004,21.29279,21.23724,2871.59,1316.984,1361.651,1173.448,4027.724
2022-01-08,2022,15.54826,2198.731,2221.065,1456.993,375.6479,3.959274,0.049783,1836.6499569999999,21.42783,21.45617,2871.59,1307.743,1348.847,1617.152,3948.995
2022-01-09,2022,16.78924,2278.174,2278.473,1828.453,373.6584,3.212407,0.066864,2205.3906709999997,20.09043,20.42818,273.4755,0.0,0.0,2157.848,1906.917
2022-01-10,2022,14.34931,1442.255,1449.289,1176.447,373.6584,2.745875,0.145461,1552.996736,20.00101,20.03311,273.4755,0.0,0.0,4761.513,1999.911
2022-01-11,2022,15.2625,1430.184,1440.796,1126.435,373.6994,2.063955,0.063771,1502.262126,20.93561,20.75142,2871.59,1277.047,1399.475,2075.744,3813.768
2022-01-12,2022,16.49306,2087.028,2092.007,1565.997,373.9505,2.503324,0.043641,1942.494465,21.13075,21.05177,2871.59,1270.089,1377.675,1412.537,3951.941
2022-01-13,2022,16.82778,2307.79,2338.117,1892.916,374.4485,3.0522,0.032829,2270.4495290000004,21.34818,21.35472,2871.59,1262.977,1352.949,1059.496,4080.155
2022-01-14,2022,12.64931,1232.214,1241.497,1020.578,374.4382,2.812614,0.083604,1397.912418,21.19208,21.19682,2871.59,1299.165,1372.125,2740.796,3888.673
2022-01-15,2022,14.76181,1126.877,1126.18,925.7955,374.388,1.815716,0.048328,1302.047544,21.14514,21.10609,2871.59,1284.574,1375.377,1561.977,3600.637
2022-01-16,2022,15.73368,1544.569,1545.804,1270.755,373.6584,2.765454,0.114325,1647.2931790000002,20.01643,20.14664,273.4755,0.0,0.0,3714.49,1860.675
2022-01-17,2022,15.45938,1663.434,1680.425,1381.423,373.6584,3.523259,0.146713,1758.7513720000002,20.0001,19.93843,273.4755,0.0,0.0,4797.819,2131.407
2022-01-18,2022,12.67431,920.9949,921.3054,757.3751,373.6741,2.258745,0.108222,1133.416167,20.80363,20.56713,2871.59,1283.37,1415.482,3570.277,3874.394
2022-01-19,2022,12.64236,770.3723,780.8287,641.8938,373.8157,2.073091,0.093842,1017.876433,20.91656,20.76769,2871.59,1265.587,1401.804,3073.896,3700.5
2022-01-20,2022,13.59306,1082.723,1085.358,892.2374,373.9093,2.118168,0.085287,1268.350155,20.94167,20.80378,2871.59,1311.118,1398.008,2787.968,3826.249
2022-01-21,2022,16.49722,2000.272,2010.896,1653.092,374.1302,3.25125,0.046893,2030.5203430000001,21.10568,21.00912,2871.59,1265.185,1379.109,1517.654,4022.029
2022-01-22,2022,16.7993,2176.0,2192.533,1802.41,374.3717,3.299166,0.038691,2180.119557,21.20018,21.17862,2871.59,1263.568,1368.136,1248.184,4061.164
2022-01-23,2022,15.15139,1198.266,1188.933,977.383,373.6584,2.816443,0.107862,1353.965705,20.02228,20.20218,273.4755,0.0,0.0,3500.929,1642.863
2022-01-24,2022,15.70278,1504.104,1516.978,1247.058,373.6584,3.181927,0.14784,1624.0461670000002,19.99988,19.91563,273.4755,0.0,0.0,4831.231,2056.043
2022-01-25,2022,14.19375,1006.649,1019.017,837.7009,373.6848,2.076966,0.074515,1213.5371810000001,20.88689,20.66629,2871.59,1281.599,1404.887,2429.54,3707.918
2022-01-26,2022,13.34792,1106.139,1105.828,909.0654,373.8336,2.327177,0.088603,1285.3147799999997,20.93788,20.80604,2871.59,1251.594,1399.26,2906.313,3822.655
2022-01-27,2022,12.77431,629.3278,631.8432,519.4177,373.9333,1.470084,0.08355,894.9046339999999,20.95638,20.82895,2871.59,1284.758,1396.057,2725.403,3572.233
2022-01-28,2022,13.05417,836.6151,839.9105,690.4631,374.0109,1.834421,0.089942,1066.3983630000002,20.94137,20.80026,2871.59,1274.792,1398.346,2947.229,3711.724
2022-01-29,2022,13.83194,781.4092,770.5472,633.4417,374.1494,1.334179,0.064307,1008.9895859999999,21.03672,20.93421,2871.59,1241.374,1387.007,2089.854,3495.874
2022-01-30,2022,13.47569,944.3165,964.1373,792.5859,373.6584,2.856795,0.162326,1169.2634209999999,20.00889,20.04354,273.4755,0.0,0.0,5326.674,1873.37
2022-01-31,2022,14.10382,655.5858,658.8415,541.6121,373.6584,2.086687,0.163335,917.520522,19.99973,19.8382,273.4755,0.0,0.0,5353.141,1725.778
2022-02-01,2022,13.29583,375.4539,383.704,315.4306,373.6584,1.630202,0.120396,690.839598,20.55767,20.31339,2871.59,1255.264,1445.191,3945.5,3659.537
2022-02-02,2022,13.63368,422.8795,411.4933,338.2752,373.6942,1.556586,0.10617,713.632156,20.63705,20.41208,2871.59,1251.259,1435.582,3473.014,3582.303
2022-02-03,2022,14.16285,761.7472,779.2175,640.5693,373.8548,1.692292,0.074453,1016.1908449999999,20.86445,20.65848,2871.59,1237.691,1406.954,2424.565,3560.784
2022-02-04,2022,13.82361,856.2628,854.9252,702.8061,373.9865,1.678515,0.071872,1078.542987,20.95575,20.81491,2871.59,1239.208,1396.305,2338.658,3583.377
2022-02-05,2022,14.19514,1109.155,1110.494,912.9008,374.1214,1.830612,0.069727,1288.922539,20.99716,20.88911,2871.59,1242.299,1392.176,2269.64,3699.794
2022-02-06,2022,14.30417,1141.31,1148.241,943.9315,373.6584,2.356943,0.143296,1320.090139,20.0086,20.05582,273.4755,0.0,0.0,4681.675,1843.795
2022-02-07,2022,15.99722,1668.819,1679.859,1380.957,373.6584,3.196931,0.142885,1757.955216,20.00007,19.91562,273.4755,0.0,0.0,4665.454,2106.098
2022-02-08,2022,14.73021,1186.568,1194.342,979.8081,373.6799,2.26242,0.070814,1355.8212339999998,20.87703,20.66487,2871.59,1232.149,1406.755,2313.216,3742.357
2022-02-09,2022,13.92674,989.8109,997.4424,819.9649,373.8829,1.910603,0.065575,1195.8239780000001,21.02735,20.9235,2871.59,1243.755,1388.063,2133.39,3618.704
2022-02-10,2022,12.32049,692.8157,695.0886,571.4097,374.003,1.824026,0.087297,947.3240230000001,21.01844,20.93161,2871.59,1267.271,1389.577,2856.992,3618.083
2022-02-11,2022,13.02049,888.4797,884.158,726.8375,374.0721,1.865597,0.088639,1102.863836,20.95803,20.84303,2871.59,1251.31,1395.942,2896.191,3710.02
2022-02-12,2022,14.89826,1115.644,1122.835,923.046,374.174,1.660981,0.05663,1298.937611,21.03373,20.92287,2871.59,1280.074,1387.678,1835.109,3647.255
2022-02-13,2022,15.08438,1164.142,1173.76,964.9101,373.6584,2.35727,0.126772,1341.0525420000001,20.01009,20.07466,273.4755,0.0,0.0,4127.238,1752.508
2022-02-14,2022,13.11701,946.8877,962.4976,789.4578,373.6584,2.940226,0.19341,1166.249836,19.99837,19.83656,273.4755,0.0,0.0,6396.024,2072.111
2022-02-15,2022,11.79028,232.1783,231.6292,190.4148,373.6599,1.40156,0.116461,565.592721,20.67571,20.40173,2871.59,1221.828,1431.096,3835.905,3542.82
2022-02-16,2022,13.68403,798.1766,796.429,654.7183,373.7527,1.868952,0.093678,1030.43363,20.79247,20.56267,2871.59,1241.085,1414.519,3071.512,3692.813
2022-02-17,2022,13.22431,298.7201,300.8819,247.3452,373.8455,1.085007,0.085014,622.360721,20.83047,20.63742,2871.59,1299.723,1409.484,2771.373,3424.762
2022-02-18,2022,12.53264,337.4309,344.4106,283.1287,373.8693,1.403868,0.10536,658.507228,20.75347,20.54538,2871.59,1245.641,1421.297,3445.012,3540.241
2022-02-19,2022,12.73403,615.1249,612.7065,503.686,373.9395,1.86675,0.103528,879.595778,20.8143,20.61243,2871.59,1206.993,1414.607,3397.961,3641.975
2022-02-20,2022,14.51597,1672.803,1683.121,1262.345,373.6584,3.485408,0.173971,1639.662779,20.00161,19.95448,273.4755,0.0,0.0,5729.75,2234.032
2022-02-21,2022,14.32153,954.6542,956.7811,786.5386,373.6584,2.69773,0.165144,1163.059874,19.99979,19.86655,273.4755,0.0,0.0,5418.43,1886.82
2022-02-22,2022,12.62292,299.1924,308.4012,253.5266,373.6584,1.43777,0.112295,628.735065,20.65232,20.38812,2871.59,1240.512,1430.812,3678.594,3562.901
2022-02-23,2022,10.92813,1.068589,1.045718,0.859651,373.6991,1.36318,0.151897,376.073828,20.60767,20.31623,2871.59,1291.712,1436.079,5008.465,3690.247
2022-02-24,2022,12.0125,287.1458,270.0347,221.9867,373.757,1.470175,0.131707,597.345582,20.65709,20.35007,2871.59,1235.003,1431.846,4346.245,3665.765
2022-02-25,2022,10.03021,8.492566,12.16007,9.9964,373.7707,1.753245,0.15986,385.68020499999994,20.63411,20.33228,2871.59,1328.306,1434.028,5301.649,3773.234
2022-02-26,2022,13.83021,1122.294,1131.019,925.9219,373.835,2.506332,0.117956,1302.381188,20.70621,20.39829,2871.59,1254.918,1427.2,3887.557,4019.054
2022-02-27,2022,15.59757,1536.704,1546.97,1271.272,373.6584,2.788207,0.142012,1647.860619,20.00158,19.94018,273.4755,0.0,0.0,4636.592,2033.968
2022-02-28,2022,15.74583,1567.576,1565.821,1286.528,373.6584,2.928765,0.151466,1663.2666310000002,19.99989,19.83842,273.4755,0.0,0.0,4952.709,2102.595
2022-03-01,2022,15.56667,1472.302,1485.659,1221.312,373.6721,2.22923,0.06392,1597.2772499999999,20.85505,20.6119,2871.59,1236.561,1408.267,2081.05,3847.808
2022-03-02,2022,15.91875,2522.137,2531.771,1602.815,373.8422,3.043235,0.05212,1979.7525550000003,21.01009,20.87172,2871.59,1327.928,1389.964,1687.817,4061.201
2022-03-03,2022,16.20799,2087.79,2115.748,1676.51,374.1166,2.638646,0.039965,2053.305211,21.15578,21.11178,2871.59,1205.31,1371.765,1290.973,3957.036
2022-03-04,2022,16.51146,2018.53,2017.368,1645.84,374.3463,2.749788,0.036272,2022.97236,21.19816,21.17976,2871.59,1247.096,1369.566,1169.513,3941.195
2022-03-05,2022,13.50174,454.6605,472.5123,388.4369,374.4161,1.016805,0.051136,763.920941,21.14164,21.11417,2871.59,1342.73,1372.538,1651.701,3326.604
2022-03-06,2022,12.79757,395.2402,394.3301,324.1659,373.6584,1.901572,0.160727,699.8865989999999,20.01223,20.02232,273.4755,0.0,0.0,5267.607,1577.849
2022-03-07,2022,14.83333,1437.898,1430.144,1168.321,373.6584,3.188971,0.192446,1545.360817,19.9978,19.75511,273.4755,0.0,0.0,6346.494,2292.562
2022-03-08,2022,16.5441,2523.777,2536.967,1988.359,373.6742,3.173943,0.066424,2365.2735669999997,20.86905,20.60292,2871.59,1316.578,1407.633,2166.596,4377.749
2022-03-09,2022,15.59826,1525.632,1545.211,1270.268,373.8662,2.330724,0.054108,1646.519032,20.98327,20.92643,2871.59,1175.244,1394.674,1753.263,3779.011
2022-03-10,2022,15.70521,1557.301,1564.965,1286.507,374.0849,2.892586,0.054911,1663.539397,21.03234,21.01436,2871.59,1178.978,1389.746,1780.602,3796.715
2022-03-11,2022,15.45521,1449.725,1462.865,1202.574,374.4078,2.585412,0.045046,1579.6122579999999,21.12377,21.10255,2871.59,1178.112,1378.675,1456.184,3684.483
2022-03-12,2022,14.74097,1048.536,1052.588,865.2986,374.4398,1.959019,0.047117,1241.744536,21.12163,21.10811,2871.59,1188.342,1379.013,1522.906,3498.449
2022-03-13,2022,13.30903,943.4413,951.2924,782.0265,373.6584,2.186824,0.144309,1158.0160329999999,20.01608,20.13065,273.4755,0.0,0.0,4719.917,1752.751
2022-03-14,2022,14.63368,992.407,994.4839,817.5328,373.6584,2.650466,0.149618,1193.991284,19.99996,19.93733,273.4755,0.0,0.0,4892.147,1806.855
2022-03-15,2022,13.57743,914.0912,920.9832,757.1102,373.6831,2.187793,0.089384,1133.0704770000002,20.81219,20.57919,2871.59,1197.281,1414.608,2931.482,3702.202
2022-03-16,2022,13.17257,1103.985,1106.2,905.2725,373.8736,2.425915,0.09237,1281.664385,20.95385,20.8152,2871.59,1210.124,1396.685,3039.134,3820.224
2022-03-17,2022,13.56493,1328.563,1332.546,1075.151,374.0632,2.601962,0.087387,1451.903549,21.01028,20.91566,2871.59,1177.917,1390.439,2870.457,3872.234
2022-03-18,2022,14.55417,1165.228,1167.322,959.6176,374.3683,1.772805,0.050688,1335.8093930000002,21.15197,21.10032,2871.59,1176.824,1374.235,1643.768,3571.141
2022-03-19,2022,15.1559,2098.68,2113.924,1489.436,374.6575,2.905923,0.069253,1867.0686759999999,21.19485,21.15453,2871.59,1224.204,1372.039,2267.632,4038.809
2022-03-20,2022,16.84896,2139.624,2150.99,1767.79,373.6584,3.560043,0.084946,2145.0933889999997,20.02819,20.28154,273.4755,0.0,0.0,2745.751,1980.644
2022-03-21,2022,16.01389,1673.617,1666.182,1369.714,373.6584,3.052161,0.123983,1746.548544,20.00016,20.0742,273.4755,0.0,0.0,4034.183,1980.785
2022-03-22,2022,14.25903,745.1279,750.1075,616.6389,373.7046,1.242991,0.070471,991.656962,20.8676,20.69703,2871.59,1194.026,1405.414,2293.066,3494.792
2022-03-23,2022,14.24514,857.9896,887.4388,729.3746,373.8976,1.653151,0.064395,1104.989746,20.95085,20.83749,2871.59,1147.679,1397.401,2093.516,3497.958
2022-03-24,2022,13.12361,1048.552,1044.619,858.747,374.0973,2.240719,0.085193,1235.1702119999998,21.0267,20.93605,2871.59,1185.099,1388.009,2799.136,3731.87
2022-03-25,2022,16.41319,2195.488,2200.434,1585.09,374.5844,3.020209,0.046582,1962.7411909999998,21.21425,21.17373,2871.59,1155.966,1368.842,1512.077,3913.722
2022-03-26,2022,15.775,1759.601,1775.172,1459.311,374.9169,2.179699,0.0347,1836.4422989999998,21.28101,21.32689,2871.59,1171.584,1360.631,1120.457,3773.197
2022-03-27,2022,15.78681,1557.795,1559.876,1282.323,373.6584,2.495955,0.08745,1658.5648050000002,20.03428,20.30062,273.4755,0.0,0.0,2827.801,1701.198
2022-03-28,2022,14.9434,1552.046,1560.636,1282.193,373.6584,2.765562,0.143141,1658.760103,19.99993,20.00982,273.4755,0.0,0.0,4680.559,2048.819
2022-03-29,2022,18.63437,3574.126,3595.782,2027.546,373.7525,5.580168,0.060784,2406.9394519999996,21.08936,20.93022,2871.59,1197.262,1386.799,1992.131,4297.97
2022-03-30,2022,16.76528,2174.126,2194.674,1804.17,374.8245,3.644434,0.018894,2182.657828,21.44497,21.54075,2871.59,1146.955,1342.464,608.1135,3871.983
2022-03-31,2022,15.98681,1750.943,1761.421,1448.007,375.4962,2.915775,0.019699,1826.438674,21.48615,21.56471,2871.59,1137.05,1340.851,633.8438,3654.938
2022-04-01,2022,16.77847,2192.666,2193.122,1784.296,375.7444,2.93023,0.023739,2162.994369,21.47602,21.54605,2871.59,1166.137,1342.113,764.7607,3901.072
2022-04-02,2022,16.95278,2295.815,2306.037,1895.718,376.1357,2.989628,0.020182,2274.86351,21.50425,21.58534,2871.59,1130.672,1339.958,649.3454,3925.725
2022-04-03,2022,17.58889,2553.552,2570.149,2108.657,373.6584,3.576345,0.051571,2485.943316,20.07746,20.47849,273.4755,0.0,0.0,1659.914,1983.54
2022-04-04,2022,15.63333,1537.047,1544.597,1269.763,373.6584,2.734882,0.10103,1646.257312,20.00002,20.16278,273.4755,0.0,0.0,3274.515,1777.525
2022-04-05,2022,16.06389,1866.298,1875.171,1532.192,373.7795,2.692874,0.049074,1908.7134480000002,21.09693,20.98124,2871.59,1137.521,1381.289,1595.661,3885.48
2022-04-06,2022,14.86319,1458.599,1469.039,1206.997,374.229,2.230226,0.044712,1583.500938,21.225,21.23222,2871.59,1133.733,1365.495,1452.723,3659.297
2022-04-07,2022,15.68194,2043.033,2043.64,1550.254,374.7607,2.80995,0.047369,1927.872019,21.32065,21.32989,2871.59,1151.184,1357.346,1544.44,3895.763
2022-04-08,2022,17.68611,2927.712,2954.577,1891.013,376.1586,3.686163,0.029151,2270.8869139999997,21.49911,21.5474,2871.59,1142.301,1343.021,943.2105,3985.48
2022-04-09,2022,17.75486,2783.55,2791.711,2202.491,379.2384,3.535626,0.009706,2585.274732,21.71241,21.84312,2871.59,1129.304,1321.261,312.2078,4049.772
2022-04-10,2022,17.55,2709.057,2724.069,1882.98,373.6584,3.282346,0.042296,2259.963042,20.12223,20.57908,273.4755,0.0,0.0,1362.263,1790.768
2022-04-11,2022,18.83681,3839.457,3854.588,2077.388,373.6584,4.674308,0.06931,2455.7900179999997,20.00191,20.29535,273.4755,0.0,0.0,2239.442,2073.963
2022-04-12,2022,21.41945,5661.396,5693.006,2831.494,375.1071,6.575902,0.021504,3213.198506,21.62476,21.62977,2871.59,1134.063,1331.99,693.3135,4504.657
2022-04-13,2022,20.82292,5279.08,5308.529,2798.018,391.5468,5.946298,0.000421,3195.511519,22.20789,22.40852,2871.59,1172.886,1282.35,13.53313,4389.967
2022-04-14,2022,18.78958,3583.837,3607.216,2537.093,397.9869,4.458061,0.000504,2939.5384649999996,22.3308,22.57875,2871.59,1143.365,1276.292,16.20489,4217.458
2022-04-15,2022,17.96458,3154.972,3168.638,2092.991,391.8061,3.621196,0.003972,2488.422268,22.14877,22.37284,2871.59,1120.379,1289.73,127.755,3951.075
2022-04-16,2022,19.93819,5650.574,5682.897,2662.275,392.9687,6.381869,0.004748,3061.6303169999996,22.14363,22.34873,2871.59,1128.475,1291.346,152.7281,4308.029
2022-04-17,2022,20.07431,4950.384,4978.581,2992.128,373.6584,5.39254,0.002844,3371.181784,20.54412,21.15919,273.4755,0.0,0.0,91.46941,2225.816
2022-04-18,2022,19.40764,3555.257,3583.496,2488.146,373.6584,5.258647,0.031313,2867.09436,20.01746,20.47412,273.4755,0.0,0.0,1007.231,2092.1
2022-04-19,2022,19.11354,3573.042,3588.472,2128.949,375.1664,4.414435,0.024026,2508.5538610000003,21.56369,21.59198,2871.59,1168.611,1334.402,776.2162,4114.128
2022-04-20,2022,19.29792,3711.619,3730.691,2231.507,384.6127,4.883756,0.004336,2621.0077920000003,21.9802,22.13613,2871.59,1238.378,1297.76,139.4677,4105.126
2022-04-21,2022,17.68924,2858.528,2874.997,2170.189,387.958,3.367602,0.002376,2561.5169779999997,22.07134,22.27995,2871.59,1146.512,1294.979,76.41218,4001.577
2022-04-22,2022,17.61493,2748.774,2767.544,2149.918,382.8907,3.543995,0.008734,2536.361429,21.86498,22.05865,2871.59,1118.978,1312.274,280.9335,4008.007
2022-04-23,2022,18.68507,3378.446,3394.498,2375.635,386.1845,4.458773,0.008217,2766.28649,21.92439,22.08612,2871.59,1118.464,1305.291,264.2999,4143.911
2022-04-24,2022,18.9243,4289.484,4303.495,2618.221,373.6584,4.965499,0.017797,2996.8626959999997,20.27143,20.82224,273.4755,0.0,0.0,572.4818,2089.198
2022-04-25,2022,18.53333,4367.75,4392.209,2956.712,373.6584,5.015377,0.069548,3335.455325,20.00101,20.31674,273.4755,0.0,0.0,2241.93,2607.506
2022-04-26,2022,19.41736,5112.316,5141.781,2828.234,374.1656,5.756957,0.028145,3208.184702,21.43153,21.39888,2871.59,1178.879,1346.302,910.1611,4569.45
2022-04-27,2022,19.73195,5604.614,5638.019,2619.947,379.349,6.231338,0.008699,3005.5360370000003,21.78633,21.90326,2871.59,1120.288,1316.715,279.8631,4292.92
2022-04-28,2022,24.26528,7272.147,7311.93,3516.0,402.7429,8.557083,0.000719,3927.3007020000005,22.39489,22.60349,2871.59,1196.58,1269.903,23.12806,4849.588
2022-04-29,2022,27.02535,10602.64,10663.15,4016.327,486.9693,13.09188,0.0,4516.38818,23.00849,23.37899,2871.59,1176.594,1241.281,0.0,5190.126
2022-04-30,2022,21.99201,9704.387,9752.992,3676.54,525.6233,11.36292,0.0,4213.52622,23.31941,23.85676,2871.59,1189.281,1231.171,0.0,5014.28
2022-05-01,2022,20.96319,5465.917,5496.593,3225.726,373.6584,5.881517,4.6e-05,3605.265963,21.36931,22.06759,273.4755,0.0,0.0,1.467559,2350.791
2022-05-02,2022,19.12535,3426.974,3449.862,2667.328,373.6584,3.788835,0.003188,3044.7784229999997,20.32781,20.93491,273.4755,0.0,0.0,102.537,2030.092
2022-05-03,2022,17.55729,2733.794,2752.088,1968.002,375.1766,3.233599,0.01494,2346.4271390000004,21.56952,21.66845,2871.59,1100.604,1331.89,480.7254,3919.246
2022-05-04,2022,18.13715,2995.443,3012.42,2329.978,378.7046,3.528811,0.008082,2712.219493,21.74911,21.90048,2871.59,1086.635,1318.547,259.9597,4091.044
2022-05-05,2022,18.53993,3381.253,3394.762,2470.377,381.673,3.714419,0.00701,2855.771429,21.85763,22.02322,2871.59,1084.267,1311.323,225.499,4170.138
2022-05-06,2022,19.26181,4228.59,4250.919,2711.558,385.6776,4.521879,0.005045,3101.7625239999998,21.96651,22.14291,2871.59,1082.45,1303.47,162.2943,4306.252
2022-05-07,2022,20.17951,5437.646,5468.976,3000.199,390.5835,5.906894,0.002937,3396.6923310000006,22.10793,22.29359,2871.59,1100.307,1294.734,94.45661,4483.078
2022-05-08,2022,20.76076,5180.336,5210.771,3012.027,373.6584,5.642315,0.002179,3391.329894,20.48948,21.09579,273.4755,0.0,0.0,70.10466,2234.019
2022-05-09,2022,20.825,6038.204,6072.924,3354.334,373.6584,6.538027,0.009473,3734.5398999999998,20.07689,20.61059,273.4755,0.0,0.0,304.7226,2486.009
2022-05-10,2022,19.91042,5770.044,5804.556,3264.082,375.3379,6.247886,0.010448,3645.678234,21.64994,21.73491,2871.59,1086.715,1325.942,336.0719,4671.043
2022-05-11,2022,20.97639,8156.19,8202.28,3489.669,383.8396,9.223073,0.00207,3882.7337430000002,22.01944,22.18119,2871.59,1108.556,1301.926,66.5829,4777.389
2022-05-12,2022,21.93715,7806.881,7849.234,3384.779,404.0603,8.84835,0.000168,3797.6878180000003,22.46304,22.70373,2871.59,1118.892,1269.815,5.416552,4720.642
2022-05-13,2022,21.62951,8137.546,8184.557,3513.323,422.7054,9.265243,2e-06,3945.2936449999997,22.71833,23.02689,2871.59,1084.021,1256.104,0.073908,4787.957
2022-05-14,2022,23.27222,10714.97,10792.7,3880.795,433.9885,12.61544,3e-06,4327.398943,22.84239,23.17066,2871.59,1108.49,1252.066,0.109824,5034.349
2022-05-15,2022,26.25556,11101.51,11164.99,4036.637,374.5229,12.86001,0.0,4424.019910000001,21.70931,22.3605,273.4755,0.0,0.0,0.0,2846.68
2022-05-16,2022,30.13785,14138.1,14951.73,4756.543,389.0623,17.86203,0.0,5163.4673299999995,21.801,22.43044,273.4755,0.0,0.0,0.0,3294.784
2022-05-17,2022,24.99618,13489.9,13559.03,4155.335,571.241,16.6738,0.0,4743.2498,23.30149,23.8271,2871.59,1088.134,1230.53,0.0,5273.997
2022-05-18,2022,22.79722,11091.5,11151.48,3822.646,506.0954,13.18318,0.0,4341.92458,23.28994,23.79898,2871.59,1091.389,1233.132,0.0,5032.767
2022-05-19,2022,23.12639,10688.2,10746.54,3854.207,477.5459,12.66747,0.0,4344.42037,23.17336,23.62706,2871.59,1080.518,1238.958,0.0,5027.691
2022-05-20,2022,29.75382,13722.56,13896.63,4552.449,637.7621,17.52494,0.0,5207.73604,23.42129,23.97199,2871.59,1194.936,1232.022,0.0,5620.197
2022-05-21,2022,23.77813,12034.31,12093.76,3962.075,659.6265,14.8405,0.0,4636.542,23.62545,24.3124,2871.59,1084.878,1228.412,0.0,5207.359
2022-05-22,2022,21.8059,7967.001,8013.721,3512.907,373.6584,8.841456,0.0,3895.406856,22.07888,22.81734,273.4755,0.0,0.0,0.0,2526.34
2022-05-23,2022,21.66354,7679.487,7720.541,3489.002,373.6584,8.432187,0.0,3871.0925869999996,21.01297,21.67079,273.4755,0.0,0.0,0.0,2511.606
2022-05-24,2022,21.8066,6777.014,6815.526,3402.583,395.1498,7.393099,3e-06,3805.125902,22.34609,22.56937,2871.59,1102.622,1272.672,0.111796,4714.295
2022-05-25,2022,21.40972,6324.58,6361.754,3032.449,416.9667,7.062326,1.9e-05,3456.4780450000003,22.66937,22.96655,2871.59,1084.688,1258.488,0.602201,4492.239
2022-05-26,2022,25.08854,9734.753,9790.842,3855.561,448.8532,11.35604,0.0,4315.77024,22.93649,23.27735,2871.59,1076.443,1247.805,0.001578,5007.86
2022-05-27,2022,22.2875,9646.011,9696.251,3666.421,479.4261,11.28888,0.0,4157.13598,23.15082,23.61533,2871.59,1113.827,1236.52,0.0,4934.382
2022-05-28,2022,21.23056,8267.907,8313.894,3542.968,449.1961,9.398053,0.0,4001.562153,22.95098,23.34327,2871.59,1117.016,1246.24,0.0,4842.037
2022-05-29,2022,23.36389,8374.394,8422.25,3633.166,373.6584,9.423091,6.2e-05,4016.247553,21.38873,22.05136,273.4755,0.0,0.0,1.993319,2599.944
2022-05-30,2022,23.90868,9730.911,9785.52,3724.365,373.6584,11.08835,0.0,4109.11175,21.09205,21.71833,273.4755,0.0,0.0,0.0,2655.845
2022-05-31,2022,22.93854,9250.521,9299.901,3637.318,402.572,10.52091,0.0,4050.4109100000005,22.51839,22.76756,2871.59,1086.409,1262.262,0.0,4853.091
2022-06-01,2022,24.3684,10006.13,10076.84,3870.158,441.1985,11.69083,0.0,4323.047329999999,22.89497,23.22433,2871.59,1110.038,1248.345,0.0,5032.628
2022-06-02,2022,28.44167,13763.89,14223.24,4586.974,557.5627,17.60451,0.0,5162.141210000001,23.2939,23.76688,2871.59,1157.667,1235.004,0.0,5569.982
2022-06-03,2022,23.22153,15704.76,15992.4,4409.614,584.3582,20.07252,0.0,5014.044719999999,23.50112,24.117,2871.59,1073.735,1229.308,0.0,5429.373
2022-06-04,2022,21.7941,11792.57,11857.88,3929.694,482.1197,14.16294,0.0,4425.97664,23.18674,23.67421,2871.59,1060.522,1239.142,0.0,5064.997
2022-06-05,2022,22.87778,10313.86,10370.66,3747.177,373.6584,11.82742,0.0,4132.66282,21.63272,22.32468,273.4755,0.0,0.0,0.0,2670.117
2022-06-06,2022,23.13333,9603.433,9655.828,3698.572,373.6584,10.90123,0.0,4083.13163,20.92431,21.55984,273.4755,0.0,0.0,0.0,2640.101
2022-06-07,2022,23.32014,10305.41,10362.03,3781.343,396.962,11.86222,0.0,4190.16722,22.42612,22.64967,2871.59,1077.554,1269.294,0.0,4932.417
2022-06-08,2022,23.40069,11814.76,11880.83,3934.918,438.0682,13.98399,0.0,4386.97019,22.88747,23.23089,2871.59,1083.394,1246.848,0.0,5055.219
2022-06-09,2022,24.06181,13584.89,13657.76,4144.605,464.0925,16.40344,0.0,4625.100939999999,23.07172,23.47118,2871.59,1088.723,1240.911,0.0,5202.755
2022-06-10,2022,24.85347,14046.96,14123.15,4204.329,497.8978,17.0549,0.0,4719.2817,23.20868,23.67185,2871.59,1066.65,1235.554,0.0,5246.453
2022-06-11,2022,25.84097,15098.33,15291.03,4376.481,527.3737,19.87509,0.0,4923.729789999999,23.32064,23.83006,2871.59,1076.462,1233.306,0.0,5376.294
2022-06-12,2022,25.96563,13522.47,13594.84,4176.123,374.0117,15.98279,0.0,4566.11749,22.33502,23.05874,273.4755,0.0,0.0,0.0,2932.791
2022-06-13,2022,24.68924,12741.04,12810.53,4112.435,373.6584,15.00863,0.0,4501.102030000001,21.72974,22.41614,273.4755,0.0,0.0,0.0,2893.391
2022-06-14,2022,24.61944,12472.65,12574.44,4094.369,454.7466,14.94394,0.0,4564.05954,22.97043,23.33782,2871.59,1109.552,1240.83,0.0,5178.387
2022-06-15,2022,24.78889,13019.84,13092.04,4112.821,509.1368,15.76161,0.0,4637.71941,23.25347,23.73309,2871.59,1073.391,1233.704,0.0,5201.111
2022-06-16,2022,25.0625,16542.84,16735.42,4539.862,526.353,20.8458,0.0,5087.0608,23.33163,23.84979,2871.59,1061.809,1232.708,0.0,5466.394
2022-06-17,2022,25.60764,17798.87,18402.64,4814.814,552.4611,23.23251,0.0,5390.507610000001,23.39582,23.949,2871.59,1073.416,1231.366,0.0,5657.316
2022-06-18,2022,26.57222,16771.26,17018.69,4659.078,591.5349,21.38892,0.0,5272.00182,23.46596,24.04693,2871.59,1083.585,1230.826,0.0,5591.664
2022-06-19,2022,25.29583,12988.11,13058.23,4063.638,373.674,15.34298,0.0,4452.65498,22.5072,23.24434,273.4755,0.0,0.0,0.0,2864.032
2022-06-20,2022,24.45139,9648.313,9698.093,3695.676,373.6611,10.99474,0.0,4080.33184,21.84431,22.53458,273.4755,0.0,0.0,0.0,2638.405
2022-06-21,2022,24.85174,11602.34,11670.35,4028.444,443.6311,13.8035,0.0,4485.8786,22.92218,23.26617,2871.59,1085.423,1245.119,0.0,5116.388
2022-06-22,2022,24.35521,14589.63,14665.56,4239.08,518.0627,17.9634,0.0,4775.1061,23.28094,23.78287,2871.59,1059.104,1232.719,0.0,5275.709
2022-06-23,2022,24.43333,13550.0,13622.98,4161.28,522.4382,16.58478,0.0,4700.3029799999995,23.32186,23.83737,2871.59,1073.863,1233.193,0.0,5239.323
2022-06-24,2022,23.98819,13301.53,13372.01,4137.046,530.1455,16.28748,0.0,4683.47898,23.34954,23.88551,2871.59,1059.907,1232.96,0.0,5220.671
2022-06-25,2022,24.05278,14138.98,14214.33,4277.576,536.841,17.51378,0.0,4831.930780000001,23.3666,23.90888,2871.59,1080.015,1232.829,0.0,5322.817
2022-06-26,2022,24.73819,11021.52,11081.11,3848.63,373.6584,12.71408,0.0,4235.00248,22.26356,22.99209,273.4755,0.0,0.0,0.0,2732.135
2022-06-27,2022,24.49097,11933.87,12000.61,3948.853,373.6584,13.90814,0.0,4336.41954,21.62884,22.29664,273.4755,0.0,0.0,0.0,2793.594
2022-06-28,2022,24.51667,12773.75,12840.03,4035.548,436.6982,15.23667,0.0,4487.48287,22.85364,23.18453,2871.59,1066.147,1245.238,0.0,5105.678
2022-06-29,2022,25.38333,14390.17,14474.65,4281.828,495.8475,17.59463,0.0,4795.27013,23.18737,23.63502,2871.59,1111.443,1235.085,0.0,5319.647
2022-06-30,2022,25.30139,16078.5,16247.89,4480.784,537.5143,20.17275,0.0,5038.471049999999,23.31443,23.82047,2871.59,1051.734,1232.777,0.0,5430.842
2022-07-01,2022,24.51458,11758.04,11820.54,3952.709,537.4344,14.14226,0.0,4504.28566,23.35777,23.89815,2871.59,1072.379,1232.1,0.0,5119.638
2022-07-02,2022,24.81319,14816.52,14896.35,4315.555,543.074,18.34945,0.0,4876.97845,23.37514,23.92337,2871.59,1082.793,1232.056,0.0,5351.8
2022-07-03,2022,25.38646,13556.07,13629.52,4138.604,373.6584,15.97591,0.0,4528.238310000001,22.25381,22.98105,273.4755,0.0,0.0,0.0,2909.835
2022-07-04,2022,25.18993,13146.08,13217.82,4081.57,373.6584,15.43447,0.0,4470.66287,21.69299,22.37621,273.4755,0.0,0.0,0.0,2874.945
2022-07-05,2022,25.06319,14316.4,14393.15,4216.759,456.1292,17.30039,0.0,4690.188590000001,22.95742,23.32335,2871.59,1079.462,1240.071,0.0,5236.587
2022-07-06,2022,25.34132,16095.15,16362.71,4496.285,515.7661,20.219,0.0,5032.2701,23.25075,23.72677,2871.59,1068.493,1233.29,0.0,5437.241
2022-07-07,2022,25.78924,18007.01,18373.09,4764.612,541.9414,23.10263,0.0,5329.65603,23.35726,23.89052,2871.59,1061.617,1231.776,0.0,5613.29
2022-07-08,2022,25.71319,18710.56,19157.26,4893.667,574.5668,24.35992,0.0,5492.59372,23.44603,24.02716,2871.59,1060.179,1230.624,0.0,5711.159
2022-07-09,2022,24.39097,14799.29,14876.29,4341.012,559.6116,18.40745,0.0,4919.03105,23.47363,24.05065,2871.59,1146.201,1230.705,0.0,5415.709
2022-07-10,2022,25.4125,13070.89,13142.1,4081.522,373.7117,15.41208,0.0,4470.64578,22.40579,23.14226,273.4755,0.0,0.0,0.0,2874.935
2022-07-11,2022,25.94479,14571.06,14650.93,4269.011,373.7783,17.43459,0.0,4660.22389,21.92918,22.6268,273.4755,0.0,0.0,0.0,2989.819
2022-07-12,2022,25.50937,16464.36,16767.21,4539.073,480.4914,20.67931,0.0,5040.243710000001,23.09607,23.51609,2871.59,1055.618,1236.206,0.0,5434.271
2022-07-13,2022,25.06875,16041.26,16131.25,4456.676,537.6258,20.03937,0.0,5014.341170000001,23.34948,23.87897,2871.59,1074.153,1231.728,0.0,5429.806
2022-07-14,2022,25.12292,16187.85,16273.33,4493.982,562.6995,20.37886,0.0,5077.0603599999995,23.42641,23.99622,2871.59,1061.649,1230.84,0.0,5460.236
2022-07-15,2022,25.93993,19397.28,20048.26,5044.877,595.3318,25.71735,0.0,5665.92615,23.48655,24.08724,2871.59,1067.814,1230.07,0.0,5820.825
2022-07-16,2022,26.04688,20608.72,21407.88,5235.253,607.2013,27.65447,0.0,5870.10877,23.5333,24.15622,2871.59,1057.252,1229.621,0.0,5938.159
2022-07-17,2022,27.14792,18363.9,18807.34,4877.092,375.0129,23.07856,0.0,5275.183459999999,22.67599,23.42307,273.4755,0.0,0.0,0.0,3362.484
2022-07-18,2022,27.25972,18825.58,19285.23,4943.224,375.9209,23.79604,0.0,5342.94094,22.27997,22.99358,273.4755,0.0,0.0,0.0,3403.545
2022-07-19,2022,26.75486,19099.22,19568.37,4976.732,553.8636,24.83635,0.0,5555.431949999999,23.29004,23.79801,2871.59,1063.667,1231.351,0.0,5751.353
2022-07-20,2022,26.36667,19002.02,19483.08,4971.764,608.8121,24.96414,0.0,5605.54024,23.48132,24.07394,2871.59,1066.894,1229.673,0.0,5783.673
2022-07-21,2022,26.23785,19138.17,19676.25,5004.196,617.311,25.33036,0.0,5646.8373599999995,23.52683,24.14474,2871.59,1053.135,1229.446,0.0,5800.361
2022-07-22,2022,26.63507,20614.18,21488.37,5317.419,628.2974,27.8995,0.0,5973.615900000001,23.55211,24.18254,2871.59,1075.99,1229.356,0.0,6012.239
2022-07-23,2022,26.51875,19098.59,19231.9,4915.722,657.9916,24.78103,0.0,5598.49463,23.59371,24.2509,2871.59,1056.767,1228.863,0.0,5773.266
2022-07-24,2022,26.82292,17304.39,17555.77,4673.893,375.8803,21.39295,0.0,5071.16625,22.72419,23.4683,273.4755,0.0,0.0,0.0,3238.849
2022-07-25,2022,26.70208,17740.93,17932.55,4709.287,375.4942,21.97175,0.0,5106.75295,22.26538,22.97723,273.4755,0.0,0.0,0.0,3260.415
2022-07-26,2022,27.48333,21191.88,22606.99,5549.237,545.2808,29.06571,0.0,6123.5835099999995,23.27692,23.77174,2871.59,1099.272,1232.07,0.0,6117.228
2022-07-27,2022,27.02917,21944.81,23597.77,5754.661,629.8834,30.84139,0.0,6415.385789999999,23.5363,24.1466,2871.59,1086.745,1229.429,0.0,6286.469
2022-07-28,2022,26.42396,18509.18,18714.62,4862.969,657.6167,23.99272,0.0,5544.57842,23.59823,24.24348,2871.59,1069.69,1228.844,0.0,5748.425
2022-07-29,2022,26.75937,19359.85,19819.11,5058.177,662.8545,25.65659,0.0,5746.68809,23.57982,24.22048,2871.59,1066.434,1228.933,0.0,5868.93
2022-07-30,2022,26.21667,16147.22,16230.5,4491.645,642.4097,20.49936,0.0,5154.55406,23.56417,24.19909,2871.59,1066.243,1229.156,0.0,5509.981
2022-07-31,2022,25.19792,13665.46,13740.65,4136.048,373.7117,16.19472,0.0,4525.95442,22.53222,23.28031,273.4755,0.0,0.0,0.0,2908.452
2022-08-01,2022,27.80556,18604.02,19270.61,5016.22,376.8896,23.61449,0.0,5416.72409,22.08456,22.77426,273.4755,0.0,0.0,0.0,3448.258
2022-08-02,2022,27.52847,21567.39,22959.46,5591.01,569.2691,29.54811,0.0,6189.8272099999995,23.30399,23.81609,2871.59,1063.387,1231.396,0.0,6135.625
2022-08-03,2022,27.06736,22001.28,23319.27,5608.426,646.9238,30.52266,0.0,6285.87246,23.54587,24.16942,2871.59,1073.249,1229.081,0.0,6199.806
2022-08-04,2022,27.52396,23275.22,25115.7,5917.859,675.886,33.15719,0.0,6626.902190000001,23.60552,24.25499,2871.59,1059.452,1228.731,0.0,6398.108
2022-08-05,2022,27.80903,23606.98,25369.06,6055.759,696.5763,33.80301,0.0,6786.138309999999,23.64203,24.32528,2871.59,1077.831,1228.62,0.0,6505.743
2022-08-06,2022,27.78437,23208.82,24730.3,5948.753,722.2084,32.95097,0.0,6703.91237,23.67526,24.38057,2871.59,1082.522,1228.426,0.0,6458.757
2022-08-07,2022,27.15764,16217.09,16395.98,4574.87,377.888,19.79049,0.0,4972.54849,22.86003,23.62133,273.4755,0.0,0.0,0.0,3179.087
2022-08-08,2022,27.4309,17969.64,18293.01,4827.668,378.2184,22.4549,0.0,5228.341299999999,22.45337,23.18092,273.4755,0.0,0.0,0.0,3334.098
2022-08-09,2022,26.5191,19633.39,20561.24,5195.571,571.5464,26.42958,0.0,5793.54698,23.3518,23.88686,2871.59,1074.629,1230.891,0.0,5902.292
2022-08-10,2022,26.81667,19918.92,20481.04,5159.565,628.5019,26.48361,0.0,5814.55051,23.53949,24.15998,2871.59,1092.926,1229.275,0.0,5926.109
2022-08-11,2022,26.86319,20419.26,21104.9,5273.001,661.7167,27.49512,0.0,5962.21282,23.59449,24.24914,2871.59,1089.07,1228.926,0.0,6013.256
2022-08-12,2022,26.94514,20969.93,21743.67,5367.881,667.389,28.41649,0.0,6063.68649,23.61556,24.28283,2871.59,1089.028,1228.824,0.0,6074.723
2022-08-13,2022,27.1059,20932.97,21598.9,5345.232,688.4837,28.30495,0.0,6062.0206499999995,23.63715,24.31813,2871.59,1079.997,1228.605,0.0,6068.24
2022-08-14,2022,27.64792,19849.72,20870.13,5207.433,379.1855,25.8403,0.0,5612.458799999999,22.85571,23.6091,273.4755,0.0,0.0,0.0,3566.873
2022-08-15,2022,27.69062,18398.66,18834.15,4907.901,378.0075,23.08966,0.0,5308.998159999999,22.4227,23.14022,273.4755,0.0,0.0,0.0,3382.976
2022-08-16,2022,26.50729,18151.53,18746.86,4932.814,548.1723,23.72564,0.0,5504.71194,23.31175,23.82083,2871.59,1129.535,1231.467,0.0,5760.532
2022-08-17,2022,26.47743,17835.26,18080.75,4839.99,606.9175,23.13863,0.0,5470.04613,23.50608,24.10201,2871.59,1120.606,1229.327,0.0,5734.113
2022-08-18,2022,27.66042,20951.71,21913.66,5473.841,656.8479,28.69563,0.0,6159.38453,23.58433,24.22201,2871.59,1105.343,1228.765,0.0,6142.602
2022-08-19,2022,28.01667,21913.19,22841.53,5627.203,705.0168,30.1972,0.0,6362.417,23.65148,24.33446,2871.59,1082.73,1228.606,0.0,6251.937
2022-08-20,2022,27.63403,21383.02,22058.9,5474.844,732.3856,29.21301,0.0,6236.44261,23.68956,24.40413,2871.59,1062.72,1228.376,0.0,6163.47
2022-08-21,2022,27.78437,19289.05,20217.63,5142.296,383.5338,24.94282,0.0,5550.772620000001,22.97165,23.73614,273.4755,0.0,0.0,0.0,3529.491
2022-08-22,2022,27.88368,20349.88,21689.65,5368.125,384.6322,26.89235,0.0,5779.64955,22.61248,23.34359,273.4755,0.0,0.0,0.0,3668.19
2022-08-23,2022,27.17917,20152.91,20843.68,5205.479,597.7203,26.75947,0.0,5829.95877,23.41142,23.97493,2871.59,1087.124,1229.953,0.0,5931.93
2022-08-24,2022,27.46979,20515.51,21212.63,5304.689,653.5442,27.65291,0.0,5985.88611,23.55842,24.1886,2871.59,1072.832,1229.042,0.0,6017.761
2022-08-25,2022,27.73576,21317.02,22242.58,5503.18,670.6586,29.26746,0.0,6203.10606,23.61412,24.2673,2871.59,1095.349,1228.758,0.0,6163.042
2022-08-26,2022,27.59479,22512.06,23954.3,5808.345,695.2096,31.85028,0.0,6535.40488,23.64551,24.32594,2871.59,1068.76,1228.59,0.0,6348.301
2022-08-27,2022,27.29792,19399.97,19516.71,5022.697,706.439,25.43488,0.0,5754.57088,23.66904,24.37097,2871.59,1077.056,1228.476,0.0,5880.144
2022-08-28,2022,26.6809,14808.03,14887.69,4333.866,378.1813,17.70968,0.0,4729.75698,22.89644,23.66494,273.4755,0.0,0.0,0.0,3031.956
2022-08-29,2022,27.23021,16391.96,16565.52,4574.679,381.3108,20.0341,0.0,4976.0239,22.49028,23.20871,273.4755,0.0,0.0,0.0,3181.194
2022-08-30,2022,26.68993,18831.11,19327.76,4960.765,571.4754,24.64636,0.0,5556.88676,23.34923,23.8781,2871.59,1085.75,1230.745,0.0,5765.616
2022-08-31,2022,26.04167,18251.97,18391.53,4764.762,613.853,23.40123,0.0,5402.01623,23.50539,24.11705,2871.59,1099.247,1229.387,0.0,5679.943
2022-09-01,2022,25.68576,18639.36,19229.28,4957.998,585.4841,24.59033,0.0,5568.072429999999,23.49571,24.0855,2871.59,1136.879,1229.922,0.0,5803.378
2022-09-02,2022,26.26597,19187.31,19815.04,5079.768,616.8698,25.46469,0.0,5722.10249,23.5284,24.14409,2871.59,1140.481,1229.494,0.0,5898.903
2022-09-03,2022,25.58264,17381.62,17502.55,4694.757,619.8901,22.22419,0.0,5336.871289999999,23.55726,24.18784,2871.59,1132.756,1229.09,0.0,5660.772
2022-09-04,2022,25.49618,14866.09,14955.0,4302.761,373.9642,17.7911,0.0,4694.516300000001,22.5407,23.28152,273.4755,0.0,0.0,0.0,3010.6
2022-09-05,2022,25.81944,14146.58,14222.05,4207.152,373.662,16.77393,0.0,4597.587930000001,21.89554,22.58686,273.4755,0.0,0.0,0.0,2951.862
2022-09-06,2022,26.13472,14598.12,14676.71,4302.195,476.6069,17.78347,0.0,4796.58537,23.06423,23.4662,2871.59,1122.323,1237.121,0.0,5327.038
2022-09-07,2022,25.39271,16425.09,16598.8,4536.538,525.0608,20.62785,0.0,5082.22665,23.34225,23.84996,2871.59,1140.159,1231.883,0.0,5510.944
2022-09-08,2022,25.65382,15827.1,15909.67,4440.064,568.1584,19.68796,0.0,5027.910360000001,23.42454,23.98617,2871.59,1126.88,1230.441,0.0,5469.981
2022-09-09,2022,25.32153,14134.81,14209.65,4215.818,581.9147,17.38508,0.0,4815.1177800000005,23.45501,24.04182,2871.59,1127.319,1230.247,0.0,5341.295
2022-09-10,2022,24.45382,13721.42,13794.42,4208.928,571.3578,16.93266,0.0,4797.21846,23.45498,24.03315,2871.59,1124.933,1230.701,0.0,5329.002
2022-09-11,2022,24.80868,11535.96,11599.22,3922.028,373.755,13.34979,0.0,4309.13279,22.34695,23.07925,273.4755,0.0,0.0,0.0,2777.058
2022-09-12,2022,24.25625,11143.33,11204.92,3910.141,373.6589,12.87452,0.0,4296.67442,21.65466,22.33897,273.4755,0.0,0.0,0.0,2769.508
2022-09-13,2022,25.27569,14341.81,14716.97,4400.72,453.0336,17.78015,0.0,4871.53375,22.92419,23.26544,2871.59,1155.973,1242.938,0.0,5392.847
2022-09-14,2022,25.73958,17592.76,18521.01,4947.492,521.6709,23.26018,0.0,5492.4230800000005,23.28544,23.76352,2871.59,1145.43,1233.204,0.0,5762.716
2022-09-15,2022,26.09931,18474.01,19075.68,4955.446,564.816,24.22736,0.0,5544.48936,23.40775,23.95197,2871.59,1136.004,1230.609,0.0,5788.557
2022-09-16,2022,27.22222,21707.79,23340.7,5719.655,613.0953,30.44733,0.0,6363.19763,23.49343,24.0821,2871.59,1114.459,1229.726,0.0,6271.637
2022-09-17,2022,25.64305,20217.18,21458.62,5370.573,621.9158,27.76844,0.0,6020.25724,23.5486,24.1673,2871.59,1192.673,1229.189,0.0,6111.213
2022-09-18,2022,25.80174,16477.23,16766.84,4596.559,374.1265,20.22685,0.0,4990.9123500000005,22.49886,23.23531,273.4755,0.0,0.0,0.0,3190.216
2022-09-19,2022,26.19896,15816.43,15901.07,4430.198,373.7937,18.99772,0.0,4822.989420000001,21.91089,22.6035,273.4755,0.0,0.0,0.0,3088.455
2022-09-20,2022,25.57604,16295.01,16597.03,4544.349,473.6667,20.39021,0.0,5038.4059099999995,23.0558,23.45158,2871.59,1153.799,1237.716,0.0,5492.654
2022-09-21,2022,23.96632,14634.76,14839.78,4326.55,503.1219,18.24658,0.0,4847.91848,23.26128,23.73494,2871.59,1197.918,1233.701,0.0,5403.956
2022-09-22,2022,25.50069,16847.09,17452.42,4759.494,525.2821,21.82201,0.0,5306.59811,23.3143,23.80639,2871.59,1159.512,1233.857,0.0,5658.641
2022-09-23,2022,26.39514,18420.17,18947.93,4939.415,575.9074,23.94126,0.0,5539.26366,23.43775,23.99325,2871.59,1179.351,1230.84,0.0,5811.658
2022-09-24,2022,26.57361,17200.93,17424.99,4745.92,619.3582,22.09506,0.0,5387.373259999999,23.51645,24.12302,2871.59,1171.38,1229.668,0.0,5714.783
2022-09-25,2022,24.90347,11879.51,11943.39,3960.439,373.7809,13.82033,0.0,4348.04023,22.46496,23.20816,273.4755,0.0,0.0,0.0,2800.635
2022-09-26,2022,25.22743,13398.53,13471.96,4138.488,373.6862,15.86533,0.0,4528.03953,21.73607,22.42087,273.4755,0.0,0.0,0.0,2909.715
2022-09-27,2022,26.08125,15766.97,15894.39,4437.472,470.8573,19.28751,0.0,4927.6168099999995,22.9389,23.31332,2871.59,1163.039,1238.678,0.0,5431.116
2022-09-28,2022,26.16701,16633.49,16882.17,4616.487,544.9182,20.87546,0.0,5182.28066,23.29113,23.79472,2871.59,1172.504,1232.083,0.0,5591.178
2022-09-29,2022,26.35417,18243.69,18635.79,4850.105,584.4142,23.46568,0.0,5457.98488,23.40844,23.96937,2871.59,1157.901,1230.505,0.0,5749.404
2022-09-30,2022,25.41736,16148.17,16236.52,4481.78,589.7637,20.27212,0.0,5091.81582,23.443,24.02122,2871.59,1167.496,1229.918,0.0,5533.322
2022-10-01,2022,23.86875,10156.76,10209.05,3781.494,545.4128,11.98133,0.0,4338.888129999999,23.35216,23.89927,2871.59,1199.642,1231.753,0.0,5096.528
2022-10-02,2022,22.1125,8890.929,8943.939,3601.752,373.6584,10.06641,0.0,3985.4768099999997,21.86323,22.57949,273.4755,0.0,0.0,0.0,2580.923
2022-10-03,2022,23.09028,8465.021,8509.206,3624.133,373.6584,9.482374,0.0,4007.273774,21.03128,21.67392,273.4755,0.0,0.0,0.0,2594.132
2022-10-04,2022,23.78542,9430.843,9485.51,3759.702,419.3446,10.81247,2.5e-05,4189.859095000001,22.50484,22.7478,2871.59,1261.928,1259.17,0.803981,5044.113
2022-10-05,2022,23.43403,11670.7,11735.04,3926.439,469.6108,13.87776,0.0,4409.92756,23.00183,23.38848,2871.59,1243.278,1239.158,0.0,5166.021
2022-10-06,2022,23.15417,8970.646,9016.679,3612.48,483.3868,10.25002,0.0,4106.11682,23.12668,23.56964,2871.59,1178.201,1236.807,0.0,4942.476
2022-10-07,2022,21.83889,7523.55,7567.02,3456.608,461.6458,8.514603,0.0,3926.7684030000005,23.03979,23.44578,2871.59,1214.333,1242.341,0.0,4855.687
2022-10-08,2022,23.51805,11537.93,11602.38,3866.266,464.2301,13.562,0.0,4344.0581,23.00874,23.40623,2871.59,1207.202,1242.634,0.0,5104.242
2022-10-09,2022,23.38576,10005.57,10061.25,3709.372,373.6584,11.38966,0.0,4094.4200599999995,21.65202,22.33973,273.4755,0.0,0.0,0.0,2646.942
2022-10-10,2022,23.27396,10183.85,10239.82,3728.937,373.6584,11.65017,0.0,4114.24557,20.9511,21.58625,273.4755,0.0,0.0,0.0,2658.956
2022-10-11,2022,23.14236,10098.22,10153.48,3722.03,398.6087,11.60785,1.7e-05,4132.246567000001,22.35114,22.56587,2871.59,1220.928,1269.341,0.540344,4984.304
2022-10-12,2022,23.33924,10686.95,10746.24,3846.5,433.6979,12.50257,2e-06,4292.7004719999995,22.78009,23.09026,2871.59,1231.582,1250.273,0.062392,5087.906
2022-10-13,2022,24.3316,13432.36,13539.18,4184.401,468.4018,16.34381,0.0,4669.14661,23.02789,23.41433,2871.59,1221.736,1240.794,0.0,5310.054
2022-10-14,2022,25.77361,16897.63,17195.96,4638.634,511.1791,21.29892,0.0,5171.1120200000005,23.18975,23.64593,2871.59,1205.264,1235.0,0.0,5604.262
2022-10-15,2022,24.77083,17420.46,17927.7,4722.05,524.4515,22.48454,0.0,5268.986040000001,23.29207,23.78992,2871.59,1217.075,1233.119,0.0,5670.73
2022-10-16,2022,23.53472,13889.06,13962.88,4128.564,373.6585,16.56362,0.0,4518.78612,22.01541,22.72739,273.4755,0.0,0.0,0.0,2904.108
2022-10-17,2022,23.63333,11632.41,11693.1,3857.128,373.6584,13.5629,0.0,4244.3493,21.20191,21.85143,273.4755,0.0,0.0,0.0,2737.8
2022-10-18,2022,22.24375,7359.704,7403.182,3460.475,398.8557,8.156422,1e-06,3867.487123,22.37259,22.60468,2871.59,1187.207,1266.557,0.027376,4803.328
2022-10-19,2022,19.86389,4969.842,4995.908,3155.093,409.2038,5.595539,5.6e-05,3569.892395,22.53802,22.81662,2871.59,1202.403,1264.476,1.812073,4632.531
2022-10-20,2022,18.98889,4379.016,4400.188,2665.431,397.7076,4.952833,0.001827,3068.09326,22.3111,22.57206,2871.59,1197.457,1283.12,58.75618,4336.123
2022-10-21,2022,19.28681,4547.623,4573.067,2911.447,397.6268,4.937967,0.002113,3314.01388,22.25934,22.48074,2871.59,1221.482,1282.395,67.97827,4501.44
2022-10-22,2022,19.16875,4058.219,4080.609,2299.563,398.6808,4.710845,0.00378,2702.9584250000003,22.23188,22.44659,2871.59,1227.306,1284.79,121.5886,4144.725
2022-10-23,2022,20.54306,4512.243,4538.899,2471.793,373.6584,5.133863,0.004984,2850.590247,20.62237,21.23004,273.4755,0.0,0.0,160.3294,1923.253
2022-10-24,2022,22.49861,5769.739,5799.646,2926.086,373.6584,7.361014,0.013484,3307.1188979999997,20.24272,20.75902,273.4755,0.0,0.0,433.7238,2251.188
2022-10-25,2022,22.72917,6390.263,6424.437,3111.018,389.3026,7.883105,0.005037,3508.208742,22.01847,22.1527,2871.59,1245.582,1294.059,162.0171,4651.364
2022-10-26,2022,21.66493,7158.394,7203.054,3354.743,427.2937,8.198103,1.7e-05,3790.23482,22.61432,22.89159,2871.59,1340.995,1256.538,0.562678,4849.81
2022-10-27,2022,21.51354,8155.43,8196.018,3528.317,422.7794,9.181778,0.0,3960.278178,22.71443,23.02334,2871.59,1231.857,1255.377,0.0,4886.613
2022-10-28,2022,20.45903,5339.288,5371.452,3207.176,416.4926,5.744156,0.000162,3629.412918,22.58506,22.8742,2871.59,1223.39,1262.869,5.197125,4681.952
2022-10-29,2022,20.96736,5431.515,5463.695,3308.598,412.6953,5.823319,0.000294,3727.116913,22.53387,22.80813,2871.59,1231.048,1265.708,9.454512,4746.6
2022-10-30,2022,21.21111,5117.193,5144.415,3283.926,373.6584,5.441854,0.000792,3663.0270459999997,20.83673,21.46989,273.4755,0.0,0.0,25.47994,2390.297
2022-10-31,2022,20.13056,5907.248,5942.559,2920.699,373.6584,6.535125,0.017972,3300.910497,20.13487,20.64996,273.4755,0.0,0.0,578.1019,2274.505
2022-11-01,2022,22.22569,8053.074,8099.843,3537.988,378.7571,9.000775,0.010453,3925.7563279999995,21.78586,21.86077,2871.59,1251.78,1312.078,336.2254,4940.829
2022-11-02,2022,21.23646,7671.143,7711.851,3495.73,395.2826,8.565718,0.000387,3899.578705,22.26086,22.46416,2871.59,1235.213,1277.316,12.44072,4854.196
2022-11-03,2022,18.47326,4965.493,4994.914,2834.283,389.1022,5.373718,0.001768,3228.7606859999996,22.15878,22.37377,2871.59,1264.638,1290.776,56.88461,4473.848
2022-11-04,2022,20.425,5638.967,5670.968,3321.26,388.2688,6.01133,0.003907,3715.5440369999997,22.06034,22.23098,2871.59,1231.941,1296.28,125.674,4761.927
2022-11-05,2022,18.37778,4349.493,4373.057,2590.356,390.4407,4.627699,0.003622,2985.4280210000006,22.09759,22.28136,2871.59,1250.126,1292.654,116.5196,4328.78
2022-11-06,2022,18.22743,3632.596,3656.82,2333.363,373.6584,3.892121,0.018155,2710.9316759999997,20.32874,20.88169,273.4755,0.0,0.0,583.968,1918.078
2022-11-07,2022,18.92535,4351.788,4375.86,2265.35,373.6584,4.992445,0.055019,2644.0558639999995,20.03542,20.3818,273.4755,0.0,0.0,1771.728,2100.327
2022-11-08,2022,20.5,4986.374,5015.393,3209.316,375.2278,5.381705,0.018377,3589.9438819999996,21.59662,21.61367,2871.59,1238.836,1329.771,591.4594,4777.354
2022-11-09,2022,21.42083,8851.656,8903.514,3590.02,385.7783,10.00049,0.00281,3985.8016,22.01756,22.16666,2871.59,1233.942,1296.093,90.37259,4920.293
2022-11-10,2022,20.57708,6821.431,6857.124,3399.694,395.5303,7.458018,0.000551,3802.6828689999998,22.2577,22.46485,2871.59,1248.541,1280.864,17.72524,4804.545
2022-11-11,2022,18.9316,4229.039,4254.134,2750.845,396.806,4.46398,0.001611,3152.116591,22.2544,22.47117,2871.59,1260.964,1282.34,51.82169,4424.226
2022-11-12,2022,17.80382,3491.709,3510.257,2082.811,392.9296,3.784191,0.007946,2479.5327370000005,22.12414,22.32316,2871.59,1290.865,1292.934,255.5896,4072.979
2022-11-13,2022,18.70208,3883.067,3906.903,2370.829,373.6584,4.194026,0.018544,2748.69997,20.37105,20.92159,273.4755,0.0,0.0,596.4979,1943.316
2022-11-14,2022,19.49583,5035.497,5064.293,3147.954,373.6584,5.584719,0.045264,3527.242383,20.05185,20.43824,273.4755,0.0,0.0,1455.992,2576.318
2022-11-15,2022,17.68542,3673.197,3693.938,2255.852,374.2114,4.047969,0.024733,2634.1361020000004,21.46011,21.4635,2871.59,1276.383,1342.757,798.0635,4259.639
2022-11-16,2022,17.01875,3230.077,3250.446,1908.374,376.5972,3.532141,0.015482,2288.518823,21.64919,21.74011,2871.59,1294.507,1324.94,498.3625,4004.966
2022-11-17,2022,17.75972,3419.318,3439.199,1933.788,378.2175,3.765945,0.016205,2315.78765,21.68378,21.77576,2871.59,1273.349,1324.801,521.3947,4012.989
2022-11-18,2022,17.57187,2790.109,2817.589,1807.142,380.3838,3.790042,0.015977,2191.331819,21.75366,21.86724,2871.59,1297.956,1318.232,514.4664,3951.182
2022-11-19,2022,17.43299,2703.994,2705.317,1859.312,380.9613,3.22439,0.012812,2243.5105019999996,21.79029,21.91492,2871.59,1290.879,1314.753,412.1285,3959.319
2022-11-20,2022,16.94375,2377.445,2392.594,1715.073,373.6584,2.96359,0.047128,2091.742118,20.16857,20.61553,273.4755,0.0,0.0,1517.37,1717.918
2022-11-21,2022,17.83819,2770.1,2782.115,1809.175,373.6584,3.98891,0.08521,2186.90752,20.0143,20.22948,273.4755,0.0,0.0,2755.055,2007.729
2022-11-22,2022,17.53403,3046.09,3062.938,1942.276,373.8513,3.454702,0.037633,2319.619635,21.27069,21.20005,2871.59,1275.659,1363.258,1220.247,4147.788
2022-11-23,2022,17.44167,2653.374,2673.41,1878.585,375.7817,3.028718,0.018689,2257.414107,21.5571,21.61191,2871.59,1285.213,1334.356,601.9186,3999.908
2022-11-24,2022,18.08611,3235.822,3250.306,2124.781,378.7466,3.553151,0.012945,2507.093696,21.71034,21.80578,2871.59,1278.924,1322.375,416.4141,4112.609
2022-11-25,2022,19.09792,4467.544,4494.242,2771.502,382.3718,4.794949,0.008076,3158.676825,21.86881,21.99587,2871.59,1275.641,1308.117,259.784,4476.101
2022-11-26,2022,17.53056,2744.387,2760.072,1756.452,383.805,3.027184,0.009394,2143.2935780000003,21.87132,22.01131,2871.59,1275.178,1310.319,302.1827,3868.451
2022-11-27,2022,17.3375,2634.355,2647.792,1784.369,373.6584,2.979366,0.038452,2161.0452179999997,20.21774,20.69223,273.4755,0.0,0.0,1237.435,1707.412
2022-11-28,2022,17.62639,3652.653,3675.436,2152.052,373.6584,4.398865,0.081011,2530.1902760000003,20.01298,20.2444,273.4755,0.0,0.0,2615.987,2189.675
2022-11-29,2022,16.68889,2551.63,2567.622,1863.725,373.8221,2.945963,0.036894,2240.5299569999997,21.22999,21.16374,2871.59,1320.992,1364.856,1193.86,4122.382
2022-11-30,2022,18.05972,3315.548,3334.314,2257.648,374.4502,3.6416,0.024392,2635.764192,21.38225,21.39242,2871.59,1281.024,1350.316,785.7496,4261.128
2022-12-01,2022,17.4316,2909.556,2928.594,1918.438,376.055,3.22429,0.020461,2297.737751,21.56302,21.62285,2871.59,1281.018,1333.203,659.6664,4032.633
2022-12-02,2022,21.17882,4762.112,4788.566,2711.997,384.9887,5.854706,0.004266,3102.8446719999997,21.94733,22.0719,2871.59,1342.423,1300.751,137.2135,4459.748
2022-12-03,2022,17.42361,2760.849,2776.42,1921.137,381.4509,2.998836,0.012134,2305.5988700000003,21.84416,21.97856,2871.59,1295.05,1312.611,390.3132,3995.38
2022-12-04,2022,17.54861,2757.633,2770.188,2273.067,373.6584,3.22088,0.046655,2649.9929349999998,20.15956,20.5836,273.4755,0.0,0.0,1502.499,2053.429
2022-12-05,2022,16.32222,1932.516,1943.101,1573.22,373.6584,2.778347,0.110006,1949.766753,20.0001,20.10297,273.4755,0.0,0.0,3570.658,2016.996
2022-12-06,2022,15.44028,1618.735,1633.354,1338.527,373.7336,2.053232,0.053633,1714.367465,21.0013,20.83201,2871.59,1395.22,1389.247,1738.861,3950.731
2022-12-07,2022,14.47639,933.522,950.7928,781.6158,373.9335,1.766592,0.05315,1157.369042,21.04154,20.94005,2871.59,1304.875,1385.803,1721.87,3555.254
2022-12-08,2022,14.62882,1451.396,1459.264,1186.137,374.1448,2.74492,0.063557,1563.090277,21.13288,21.05033,2871.59,1288.988,1376.843,2072.38,3857.236
2022-12-09,2022,14.97257,1322.355,1324.455,1088.791,374.2773,2.064959,0.046755,1465.180014,21.1593,21.10342,2871.59,1356.013,1373.008,1511.061,3733.238
2022-12-10,2022,16.06701,1866.082,1873.953,1538.082,374.4799,3.131285,0.041532,1915.734717,21.22713,21.18828,2871.59,1321.591,1366.201,1342.422,3953.784
2022-12-11,2022,16.85556,2142.959,2153.348,1770.197,373.6584,3.563806,0.082637,2147.501843,20.02793,20.26477,273.4755,0.0,0.0,2669.727,1967.845
2022-12-12,2022,15.90903,1643.411,1655.686,1344.618,373.6584,3.190955,0.115613,1721.582968,20.00061,20.0435,273.4755,0.0,0.0,3756.027,1913.485
2022-12-13,2022,15.05625,1360.016,1352.003,1111.437,373.6777,2.281404,0.075648,1487.471752,20.8236,20.61488,2871.59,1333.672,1411.755,2466.138,3912.343
2022-12-14,2022,15.09618,1212.775,1239.95,1019.322,373.8366,2.170212,0.069897,1395.398709,20.91667,20.81797,2871.59,1291.937,1399.235,2270.968,3794.649
2022-12-15,2022,14.78194,1148.994,1140.416,937.4991,374.0129,2.154914,0.064067,1313.730981,21.03045,20.90308,2871.59,1346.606,1385.52,2080.898,3742.638
2022-12-16,2022,14.19444,1163.678,1172.434,963.8196,374.0921,2.244531,0.073088,1340.2293190000003,20.99614,20.87266,2871.59,1282.52,1393.269,2380.514,3776.056
2022-12-17,2022,15.96597,1912.136,1924.159,1460.421,374.3047,2.691922,0.050484,1837.468106,21.1718,21.09024,2871.59,1287.682,1373.707,1639.759,3941.574
2022-12-18,2022,16.77847,2104.285,2112.709,1697.366,373.6584,3.331836,0.082248,2074.438484,20.03014,20.26569,273.4755,0.0,0.0,2656.724,1921.13
2022-12-19,2022,16.77778,2103.573,2115.128,1736.875,373.6584,3.650335,0.111075,2114.2948099999994,20.00083,20.05839,273.4755,0.0,0.0,3605.327,2123.202
2022-12-20,2022,16.91319,2227.858,2238.303,1830.886,373.718,3.230258,0.048623,2207.882881,21.05431,20.90354,2871.59,1292.078,1385.627,1578.89,4157.293
2022-12-21,2022,16.95417,2267.138,2279.663,1782.325,374.0258,2.881433,0.034365,2159.266598,21.21999,21.17623,2871.59,1306.441,1365.876,1109.03,4048.408
2022-12-22,2022,15.82778,1764.024,1774.881,1358.575,374.4279,2.368446,0.034107,1735.4054529999999,21.30375,21.29646,2871.59,1321.846,1357.827,1099.746,3799.143
2022-12-23,2022,14.18785,1227.633,1231.684,1010.172,374.4833,1.912459,0.054215,1386.621974,21.20867,21.19657,2871.59,1331.804,1369.054,1754.846,3716.685
2022-12-24,2022,13.62674,783.0337,797.5209,655.6159,374.3401,1.693608,0.061735,1031.7113430000002,21.09759,21.04061,2871.59,1305.526,1380.534,2001.212,3531.894
2022-12-25,2022,13.14861,786.8262,778.3978,639.7834,373.6584,2.265947,0.162973,1015.87072,20.01152,20.04152,273.4755,0.0,0.0,5347.283,1784.279
2022-12-26,2022,13.73507,1027.62,1042.583,857.0739,373.6584,3.296054,0.185037,1234.2133909999998,19.99755,19.82264,273.4755,0.0,0.0,6112.902,2060.195
2022-12-27,2022,14.34688,1267.665,1270.09,1023.477,373.6652,2.476797,0.091214,1399.710211,20.78969,20.51052,2871.59,1331.396,1417.554,2991.366,3956.291
2022-12-28,2022,15.06597,1824.175,1835.341,1227.965,373.853,2.994496,0.070155,1604.8826510000001,21.0389,20.90555,2871.59,1281.641,1388.279,2288.048,3918.56
2022-12-29,2022,13.87604,1472.51,1477.356,1111.241,374.0984,2.698782,0.075469,1488.1136510000001,21.13963,21.07915,2871.59,1285.254,1377.251,2470.196,3884.151
2022-12-30,2022,14.68681,1388.034,1397.547,1142.98,374.3456,2.154315,0.05101,1519.530925,21.22928,21.19649,2871.59,1311.846,1366.288,1654.017,3766.222
2022-12-31,2022,14.19722,1332.915,1320.906,1055.639,374.3311,2.071694,0.062002,1432.1037959999999,21.15769,21.11464,2871.59,1323.429,1376.606,2012.467,3787.491
2023-01-01,2023,13.41979,1479.742,1495.888,1224.977,373.6584,3.210198,0.157154,1602.002752,20.01795,20.13489,273.4755,0.0,0.0,5165.941,2105.462
2023-01-02,2023,14.51181,1531.271,1545.728,1268.212,373.6584,3.291197,0.161771,1645.323368,20.00066,19.93746,273.4755,0.0,0.0,5317.91,2160.218
2023-01-03,2023,15.88403,1680.086,1686.248,1374.718,373.6909,2.363033,0.058731,1750.8306640000003,20.96494,20.76257,2871.59,1289.455,1396.312,1912.413,3941.285
2023-01-04,2023,14.25521,1518.443,1520.563,1147.537,373.8881,2.346104,0.075526,1523.84673,21.04456,20.94624,2871.59,1314.285,1386.385,2474.284,3924.165
2023-01-05,2023,14.22118,1163.131,1168.795,957.4592,374.0213,1.650116,0.062956,1333.1935720000001,21.05858,20.96508,2871.59,1308.431,1385.068,2046.189,3724.788
2023-01-06,2023,13.37708,1239.377,1247.269,988.6985,374.1045,2.12625,0.085309,1365.014559,21.04563,20.95187,2871.59,1290.449,1387.631,2793.578,3873.355
2023-01-07,2023,17.5,2587.359,2606.603,1717.642,374.6727,3.276118,0.035003,2095.625821,21.31783,21.27223,2871.59,1320.573,1359.066,1130.961,4022.519
2023-01-08,2023,15.54826,2117.915,2139.811,1434.368,373.6584,4.220777,0.098953,1812.34613,20.06288,20.34422,273.4755,0.0,0.0,3212.438,1866.532
2023-01-09,2023,16.78924,2273.822,2274.098,1825.033,373.6584,3.48856,0.103375,2202.2833349999996,20.00461,20.12276,273.4755,0.0,0.0,3352.476,2129.099
2023-01-10,2023,14.34931,1487.795,1495.065,1209.358,373.709,2.304119,0.079569,1585.450688,20.97898,20.81134,2871.59,1311.497,1394.144,2610.644,3985.383
2023-01-11,2023,15.2625,1440.477,1451.218,1132.626,373.9507,1.937837,0.048318,1508.5628550000001,21.10758,21.03932,2871.59,1275.392,1378.935,1564.186,3720.636
2023-01-12,2023,16.49306,2096.551,2101.583,1568.979,374.2244,2.476873,0.038596,1945.7188690000003,21.21319,21.17052,2871.59,1268.335,1369.193,1246.982,3921.781
2023-01-13,2023,16.82778,2313.839,2344.214,1896.66,374.8185,3.044682,0.030676,2274.553858,21.40003,21.42414,2871.59,1261.058,1348.131,989.3982,4068.332
2023-01-14,2023,12.64931,1235.008,1244.292,1022.85,374.6262,2.805428,0.082141,1400.363769,21.22437,21.24011,2871.59,1297.376,1369.188,2691.627,3879.852
2023-01-15,2023,14.76181,1066.255,1065.238,875.6976,373.6584,2.241586,0.115389,1251.7129750000001,20.02773,20.16791,273.4755,0.0,0.0,3750.265,1627.663
2023-01-16,2023,15.73368,1543.822,1545.027,1270.117,373.6584,3.061472,0.145471,1646.9823430000001,19.99997,19.92302,273.4755,0.0,0.0,4751.644,2055.014
2023-01-17,2023,15.45938,1707.191,1724.205,1417.413,373.6905,3.031399,0.075281,1794.2101799999998,20.91682,20.68847,2871.59,1281.435,1401.742,2460.797,4065.568
2023-01-18,2023,12.67431,928.838,929.4286,764.053,373.8534,2.10963,0.092017,1140.108047,20.9744,20.85665,2871.59,1281.66,1394.842,3017.612,3773.755
2023-01-19,2023,12.64236,774.0659,784.5308,644.9372,373.9626,2.0286,0.088009,1021.016409,20.98444,20.87798,2871.59,1263.743,1393.952,2877.221,3664.396
2023-01-20,2023,13.59306,1085.304,1087.96,894.3767,374.0276,2.096941,0.082382,1270.5836230000002,20.98168,20.86438,2871.59,1309.652,1393.632,2690.369,3808.409
2023-01-21,2023,16.49722,2002.521,2013.157,1654.951,374.2397,3.242759,0.045372,2032.4788310000001,21.13061,21.04558,2871.59,1263.448,1376.476,1467.723,4012.798
2023-01-22,2023,16.7993,2111.782,2127.954,1749.321,373.6584,3.659627,0.100126,2126.7391529999995,20.01778,20.1975,273.4755,0.0,0.0,3244.955,2063.153
2023-01-23,2023,15.15139,1197.24,1187.888,976.5242,373.6584,3.111859,0.140209,1353.4346679999999,20.0001,19.97151,273.4755,0.0,0.0,4574.955,1843.985
2023-01-24,2023,15.70278,1544.341,1557.413,1280.299,373.6758,2.644572,0.072057,1656.691429,20.83859,20.60968,2871.59,1277.819,1410.693,2350.953,3959.438
2023-01-25,2023,14.19375,1014.864,1027.315,844.5224,373.8824,1.95392,0.060227,1220.418947,21.04986,20.94023,2871.59,1279.936,1385.268,1954.462,3621.975
2023-01-26,2023,13.34792,1110.035,1109.729,912.2718,373.9929,2.287943,0.083303,1288.6359459999999,21.00047,20.90666,2871.59,1257.01,1392.089,2727.061,3794.329
2023-01-27,2023,12.77431,631.4922,634.0206,521.2077,374.0564,1.452523,0.081092,896.7977150000002,20.99218,20.8823,2871.59,1288.375,1392.094,2643.197,3560.153
2023-01-28,2023,13.05417,838.1103,841.4109,691.6965,374.1042,1.82492,0.088651,1067.714271,20.96078,20.82904,2871.59,1279.025,1396.193,2903.438,3706.873
2023-01-29,2023,13.83194,731.3848,720.0414,591.9226,373.6584,1.802932,0.137112,967.521044,20.00742,20.05384,273.4755,0.0,0.0,4474.234,1591.231
2023-01-30,2023,13.47569,944.256,964.3182,792.7346,373.6584,3.193488,0.193441,1169.7799289999998,19.99858,19.82895,273.4755,0.0,0.0,6386.623,2072.487
2023-01-31,2023,14.10382,689.9405,702.2857,577.3262,373.6628,1.538041,0.082855,952.609896,20.76117,20.48199,2871.59,1241.723,1420.327,2709.432,3578.128
2023-02-01,2023,13.29583,379.9546,379.2245,311.7481,373.715,1.462886,0.104734,687.03072,20.67588,20.55046,2871.59,1255.298,1429.94,3416.809,3558.089
2023-02-02,2023,13.63368,425.6715,414.2776,340.5641,373.7724,1.504293,0.101003,715.941796,20.68092,20.49444,2871.59,1251.51,1430.063,3298.855,3551.19
2023-02-03,2023,14.16285,763.7932,781.2872,642.2708,373.9386,1.673302,0.072066,1017.954768,20.89426,20.7055,2871.59,1237.761,1403.471,2345.051,3546.982
2023-02-04,2023,13.82361,857.7151,856.3859,704.0069,374.0628,1.66898,0.070498,1079.809178,20.97541,20.84463,2871.59,1239.028,1394.142,2293.039,3575.479
2023-02-05,2023,14.19514,1061.706,1062.795,873.6888,373.6584,2.358315,0.14441,1249.849925,20.00714,20.03979,273.4755,0.0,0.0,4718.035,1808.049
2023-02-06,2023,14.30417,1141.307,1148.199,943.8967,373.6584,2.662896,0.172548,1320.390544,19.99969,19.84878,273.4755,0.0,0.0,5668.796,2029.121
2023-02-07,2023,15.99722,1710.179,1721.426,1415.128,373.6735,2.6795,0.069018,1791.550018,20.85579,20.62345,2871.59,1216.625,1409.03,2252.041,3985.527
2023-02-08,2023,14.73021,1195.933,1203.795,987.4676,373.8724,2.136803,0.056163,1363.532966,21.04027,20.94291,2871.59,1231.405,1386.834,1824.763,3654.966
2023-02-09,2023,13.92674,994.6307,1002.278,823.9401,374.0939,1.874636,0.060182,1199.968818,21.10392,21.03782,2871.59,1242.928,1379.782,1954.35,3587.134
2023-02-10,2023,12.32049,695.4949,697.8016,573.64,374.1578,1.805101,0.084454,949.6873550000001,21.06263,20.99582,2871.59,1266.734,1385.017,2761.507,3601.281
2023-02-11,2023,13.02049,890.2502,885.929,728.2934,374.1718,1.85327,0.086845,1104.4053150000002,20.98335,20.88077,2871.59,1251.805,1393.301,2835.953,3699.955
2023-02-12,2023,14.89826,1061.886,1068.794,878.6205,373.6584,2.159008,0.129717,1254.5676250000001,20.00795,20.04852,273.4755,0.0,0.0,4225.466,1718.522
2023-02-13,2023,15.08438,1163.69,1173.255,964.4946,373.6584,2.656855,0.156279,1340.966134,20.00003,19.86029,273.4755,0.0,0.0,5114.402,1937.608
2023-02-14,2023,13.11701,976.8943,992.504,812.4518,373.6642,2.319785,0.110822,1188.546607,20.72585,20.4539,2871.59,1232.754,1425.186,3659.823,3893.925
2023-02-15,2023,11.79028,237.4575,237.035,194.8587,373.7808,1.256781,0.102197,569.9984780000001,20.81155,20.64378,2871.59,1231.4,1413.992,3351.017,3460.345
2023-02-16,2023,13.68403,801.7991,800.0786,657.7186,373.8678,1.827584,0.088921,1033.502905,20.84754,20.65115,2871.59,1247.216,1407.842,2910.506,3668.191
2023-02-17,2023,13.22431,300.4663,302.6374,248.7883,373.9314,1.066138,0.082733,623.868571,20.86084,20.68448,2871.59,1304.776,1405.897,2695.046,3414.423
2023-02-18,2023,12.53264,338.4167,345.4007,283.9426,373.9247,1.393375,0.104088,659.364763,20.77094,20.57213,2871.59,1252.273,1419.256,3401.974,3536.708
2023-02-19,2023,12.73403,581.6065,579.5927,476.4643,373.6584,2.350287,0.190151,852.6631379999999,20.00035,19.88018,273.4755,0.0,0.0,6270.783,1858.587
2023-02-20,2023,14.51597,1672.788,1682.897,1262.167,373.6584,3.805113,0.200722,1639.8312349999999,19.99742,19.7673,273.4755,0.0,0.0,6648.456,2406.447
2023-02-21,2023,14.32153,988.5825,990.8341,814.5324,373.6662,2.071243,0.083424,1190.3532670000002,20.76116,20.51834,2871.59,1258.131,1420.565,2725.254,3735.111
2023-02-22,2023,12.62292,303.341,312.6425,257.0132,373.7655,1.279741,0.096797,632.1552379999999,20.78869,20.64244,2871.59,1238.155,1412.939,3157.242,3465.761
2023-02-23,2023,10.92813,1.167016,1.144391,0.940767,373.7799,1.295825,0.146112,376.162604,20.6544,20.40371,2871.59,1288.033,1429.991,4809.462,3650.746
2023-02-24,2023,12.0125,288.4306,271.3044,223.0305,373.822,1.439296,0.128925,598.420721,20.68419,20.39614,2871.59,1230.805,1428.558,4250.793,3645.97
2023-02-25,2023,10.03021,8.810327,12.60091,10.3588,373.81,1.735459,0.158207,386.062466,20.64937,20.35876,2871.59,1324.649,1432.181,5244.205,3760.475
2023-02-26,2023,13.83021,1092.534,1098.573,899.163,373.6584,3.293611,0.211433,1276.326444,19.9958,19.73628,273.4755,0.0,0.0,7001.813,2252.439
2023-02-27,2023,15.59757,1536.638,1549.403,1273.272,373.6584,3.072983,0.166781,1650.1701639999999,19.99977,19.76428,273.4755,0.0,0.0,5472.02,2192.06
2023-02-28,2023,15.74583,1606.468,1604.968,1317.942,373.6632,2.344611,0.072374,1694.022185,20.80361,20.52813,2871.59,1279.892,1414.764,2361.106,3985.222
2023-03-01,2023,15.56667,1482.196,1495.607,1229.49,373.8455,2.10345,0.049325,1605.4882750000002,21.02272,20.89901,2871.59,1233.339,1387.378,1597.223,3760.085
2023-03-02,2023,15.91875,2528.5,2538.175,1604.547,374.0269,3.007917,0.046634,1981.628451,21.08697,20.98811,2871.59,1325.484,1381.445,1507.518,4027.04
2023-03-03,2023,16.20799,2092.323,2120.304,1679.38,374.3183,2.624716,0.037315,2056.360331,21.2013,21.17764,2871.59,1203.085,1367.023,1204.357,3941.293
2023-03-04,2023,16.51146,2021.508,2020.362,1647.981,374.5064,2.742925,0.034747,2025.265072,21.2279,21.22122,2871.59,1244.97,1366.703,1119.871,3931.986
2023-03-05,2023,13.50174,409.2361,427.6635,351.5682,373.6584,1.44753,0.120375,726.794505,20.02478,20.17365,273.4755,0.0,0.0,3919.213,1341.251
2023-03-06,2023,12.79757,395.2246,393.531,323.509,373.6584,2.245436,0.192199,699.605035,19.99887,19.79761,273.4755,0.0,0.0,6336.708,1778.199
2023-03-07,2023,14.83333,1481.324,1473.819,1195.275,373.6596,2.504216,0.106799,1571.545615,20.67781,20.34262,2871.59,1268.993,1430.518,3515.27,4120.871
2023-03-08,2023,16.5441,2534.727,2547.992,1992.804,373.8369,3.059383,0.05384,2369.754123,21.01526,20.85049,2871.59,1325.392,1389.44,1747.416,4307.184
2023-03-09,2023,15.59826,1529.874,1549.475,1273.773,374.0503,2.303572,0.050034,1650.1769060000001,21.0415,21.01546,2871.59,1187.102,1388.258,1618.765,3763.187
2023-03-10,2023,15.70521,1560.258,1567.935,1288.948,374.2599,2.88612,0.053486,1666.147506,21.06201,21.05626,2871.59,1191.144,1386.671,1733.29,3796.795
2023-03-11,2023,15.45521,1451.88,1465.032,1204.355,374.5858,2.585913,0.044682,1581.571395,21.13855,21.12197,2871.59,1188.714,1377.153,1443.983,3689.807
2023-03-12,2023,14.74097,988.864,992.6962,816.0632,373.6584,2.364487,0.114359,1192.200446,20.01999,20.18354,273.4755,0.0,0.0,3715.154,1585.013
2023-03-13,2023,13.30903,943.4396,951.2056,781.9551,373.6584,2.489867,0.174751,1158.278118,19.99924,19.91047,273.4755,0.0,0.0,5752.063,1946.499
2023-03-14,2023,14.63368,1032.273,1034.409,850.3537,373.6933,2.178982,0.074603,1226.300585,20.83051,20.62048,2871.59,1172.063,1411.864,2437.257,3650.72
2023-03-15,2023,13.57743,921.7335,928.7592,763.5026,373.8797,2.057617,0.074767,1139.514684,20.96443,20.84346,2871.59,1194.659,1395.833,2439.868,3612.311
2023-03-16,2023,13.17257,1108.369,1110.613,908.8591,374.0691,2.385832,0.086903,1285.400935,21.01584,20.91653,2871.59,1207.31,1389.515,2854.317,3786.119
2023-03-17,2023,13.56493,1331.665,1335.661,1077.232,374.2239,2.583264,0.084611,1454.123775,21.05036,20.97525,2871.59,1175.326,1386.208,2776.963,3854.474
2023-03-18,2023,14.55417,1168.029,1170.139,961.933,374.5365,1.764229,0.049066,1338.2827949999999,21.17939,21.13943,2871.59,1174.537,1371.508,1590.398,3561.244
2023-03-19,2023,15.1559,2036.719,2049.561,1472.84,373.6584,3.228203,0.130265,1849.8568679999998,20.0197,20.18466,273.4755,0.0,0.0,4255.678,2084.933
2023-03-20,2023,16.84896,2138.349,2151.8,1768.456,373.6584,3.830194,0.117246,2146.06184,19.99992,20.04688,273.4755,0.0,0.0,3809.907,2180.824
2023-03-21,2023,16.01389,1721.308,1714.036,1409.053,373.7278,2.690225,0.058113,1785.529138,20.97032,20.8455,2871.59,1142.268,1394.175,1887.969,3868.533
2023-03-22,2023,14.25903,754.9404,760.0499,624.8123,373.9551,1.121402,0.055025,999.943827,21.02196,20.96625,2871.59,1191.222,1386.381,1780.556,3401.988
2023-03-23,2023,14.24514,863.0073,892.3906,733.3519,374.1155,1.616512,0.059069,1109.142981,21.01915,20.94317,2871.59,1143.943,1389.941,1916.986,3465.101
2023-03-24,2023,13.12361,1051.768,1047.861,861.4128,374.2727,2.222325,0.08239,1237.990215,21.0675,20.99647,2871.59,1182.178,1383.745,2704.815,3714.118
2023-03-25,2023,16.41319,2198.912,2203.874,1586.122,374.8062,3.013476,0.045105,1963.986781,21.24303,21.21375,2871.59,1153.01,1366.075,1463.452,3903.565
2023-03-26,2023,15.775,1688.556,1703.691,1400.549,373.6584,2.474319,0.089228,1776.770947,20.03528,20.3105,273.4755,0.0,0.0,2888.508,1784.216
2023-03-27,2023,15.78681,1556.236,1558.29,1281.019,373.6584,2.779701,0.121325,1657.578426,19.99996,20.05972,273.4755,0.0,0.0,3945.493,1910.234
2023-03-28,2023,14.9434,1596.395,1605.253,1317.657,373.7167,2.313895,0.074928,1693.7625229999999,20.92639,20.74919,2871.59,1180.768,1400.692,2455.814,3942.758
2023-03-29,2023,18.63437,3585.67,3607.41,2029.909,374.1998,5.481229,0.04839,2409.638419,21.25424,21.19864,2871.59,1214.483,1367.745,1577.667,4232.305
2023-03-30,2023,16.76528,2188.958,2209.582,1816.425,375.9111,3.650491,0.015905,2196.002496,21.53537,21.65693,2871.59,1155.495,1334.716,511.6287,3867.149
2023-03-31,2023,15.98681,1760.308,1770.831,1455.742,376.2527,2.923674,0.018683,1834.9370569999999,21.5324,21.62229,2871.59,1144.879,1336.881,601.0261,3658.677
2023-04-01,2023,16.77847,2198.624,2199.11,1787.094,376.2311,2.93405,0.023191,2166.282341,21.50329,21.58023,2871.59,1163.905,1339.875,747.033,3898.387
2023-04-02,2023,16.95278,2200.594,2210.295,1817.011,373.6584,3.140296,0.061471,2193.871167,20.06848,20.43692,273.4755,0.0,0.0,1979.759,1866.534
2023-04-03,2023,17.58889,2549.995,2566.54,2105.717,373.6584,3.844,0.089227,2483.308627,20.00005,20.19237,273.4755,0.0,0.0,2885.253,2211.768
2023-04-04,2023,15.63333,1584.187,1591.972,1308.708,373.7757,2.401051,0.043067,1684.9278180000001,21.12367,21.03882,2871.59,1185.818,1377.074,1393.991,3741.31
2023-04-05,2023,16.06389,1880.974,1889.984,1541.058,374.3079,2.584427,0.033607,1917.983934,21.29254,21.29283,2871.59,1135.705,1359.176,1086.246,3794.452
2023-04-06,2023,14.86319,1468.397,1478.87,1215.003,374.7991,2.206838,0.039476,1592.0484139999999,21.32672,21.3713,2871.59,1132.205,1356.017,1280.753,3631.296
2023-04-07,2023,15.68194,2050.481,2051.125,1552.424,375.2563,2.800514,0.044833,1930.525647,21.38073,21.40977,2871.59,1148.99,1351.935,1460.606,3880.318
2023-04-08,2023,17.68611,2936.412,2963.324,1892.517,376.8564,3.68745,0.027777,2273.0886269999996,21.54114,21.6016,2871.59,1139.739,1339.552,898.3586,3976.85
2023-04-09,2023,17.75486,2647.847,2655.252,2152.604,373.6584,3.541151,0.036077,2529.8396279999997,20.11836,20.58823,273.4755,0.0,0.0,1160.644,1916.498
2023-04-10,2023,17.55,2704.04,2719.005,1879.129,373.6584,3.558409,0.083201,2256.42901,20.00016,20.23954,273.4755,0.0,0.0,2690.689,2037.786
2023-04-11,2023,18.83681,3956.632,3972.383,2096.609,374.0423,4.609506,0.034684,2475.29549,21.38034,21.33877,2871.59,1156.386,1353.89,1125.18,4152.018
2023-04-12,2023,21.41945,5770.555,5802.708,2847.093,382.0601,6.632289,0.005471,3235.79086,21.9096,22.03668,2871.59,1131.947,1306.353,175.9879,4420.037
2023-04-13,2023,20.82292,5409.522,5439.598,2815.886,401.4989,6.123606,0.000242,3223.508748,22.38504,22.62353,2871.59,1167.855,1271.974,7.776632,4402.805
2023-04-14,2023,18.78958,3652.452,3676.184,2545.931,404.35,4.54631,0.000426,2954.827736,22.42901,22.70072,2871.59,1141.808,1271.014,13.7181,4225.313
2023-04-15,2023,17.96458,3193.793,3207.664,2099.509,395.126,3.666896,0.003713,2498.3056090000005,22.21218,22.45092,2871.59,1118.986,1285.984,119.4249,3954.658
2023-04-16,2023,19.93819,5239.835,5270.092,2613.529,373.6584,5.840958,0.008026,2993.0363839999995,20.39093,20.98607,273.4755,0.0,0.0,258.1584,2027.924
2023-04-17,2023,20.07431,4918.992,4947.068,2981.211,373.6584,5.496579,0.028773,3360.3947519999997,20.02172,20.48308,273.4755,0.0,0.0,925.5158,2375.713
2023-04-18,2023,19.40764,3647.356,3676.078,2507.421,374.8969,5.275259,0.019389,2887.612548,21.54692,21.58006,2871.59,1133.384,1333.935,624.3403,4294.004
2023-04-19,2023,19.11354,3657.543,3673.308,2142.725,382.1046,4.506291,0.009096,2529.3449870000004,21.87838,22.02208,2871.59,1180.869,1308.026,292.9318,4043.511
2023-04-20,2023,19.29792,3783.919,3803.345,2242.359,391.1316,4.993614,0.003193,2638.487407,22.13634,22.32332,2871.59,1253.106,1287.586,102.719,4117.751
2023-04-21,2023,17.68924,2903.993,2920.711,2179.746,392.1158,3.41997,0.002234,2575.284004,22.1559,22.38268,2871.59,1142.225,1289.833,71.86362,4006.469
2023-04-22,2023,17.61493,2771.577,2790.467,2156.428,384.9373,3.56983,0.008183,2544.9433129999998,21.91882,22.12497,2871.59,1114.774,1308.81,263.2161,4007.337
2023-04-23,2023,18.68507,3166.399,3181.304,2333.126,373.6584,4.295637,0.021405,2711.101442,20.21062,20.75047,273.4755,0.0,0.0,688.5108,1937.789
2023-04-24,2023,18.9243,4275.903,4289.804,2609.899,373.6584,5.179982,0.056144,2988.793526,20.00582,20.35734,273.4755,0.0,0.0,1807.662,2315.978
2023-04-25,2023,18.53333,4496.884,4522.06,2978.545,373.9967,4.95375,0.032177,3357.5276270000004,21.33618,21.31888,2871.59,1157.207,1354.493,1041.519,4671.456
2023-04-26,2023,19.41736,5158.902,5188.595,2834.175,377.3589,5.709695,0.012441,3217.256036,21.67145,21.75424,2871.59,1176.384,1322.88,400.1867,4477.785
2023-04-27,2023,19.73195,5670.196,5703.92,2628.258,383.7203,6.306194,0.006207,3018.2907009999994,21.93117,22.08103,2871.59,1115.802,1306.262,199.6537,4282.886
2023-04-28,2023,24.26528,7342.355,7382.487,3524.702,409.1576,8.650486,0.000559,3942.5106450000003,22.47858,22.70821,2871.59,1192.716,1265.317,17.99298,4855.501
2023-04-29,2023,27.02535,10629.65,10690.44,4015.503,489.7307,13.06823,0.0,4518.30193,23.10663,23.49517,2871.59,1147.176,1241.18,0.0,5173.458
2023-04-30,2023,21.99201,7752.805,7792.095,3493.252,373.6602,8.584387,0.0,3875.4965869999996,22.09676,22.82529,273.4755,0.0,0.0,0.0,2514.275
2023-05-01,2023,20.96319,5428.309,5458.813,3216.332,373.6584,5.839655,0.000129,3595.830184,20.7413,21.38689,273.4755,0.0,0.0,4.141692,2345.574
2023-05-02,2023,19.12535,3575.336,3599.115,2697.996,380.0787,3.917843,0.001365,3081.9939080000004,21.91983,22.09652,2871.59,1093.449,1301.551,43.91032,4278.734
2023-05-03,2023,17.55729,2860.934,2879.935,1989.047,384.6123,3.328642,0.004896,2376.992838,21.99555,22.19824,2871.59,1095.28,1300.148,157.4783,3873.914
2023-05-04,2023,18.13715,3065.25,3082.613,2343.842,384.7451,3.59522,0.005666,2732.1879860000004,21.94469,22.13762,2871.59,1081.823,1304.955,182.2642,4085.656
2023-05-05,2023,18.53993,3433.058,3446.848,2479.506,385.6377,3.768039,0.005791,2868.9175299999997,21.96752,22.15759,2871.59,1080.43,1303.791,186.2656,4168.42
2023-05-06,2023,19.26181,4271.264,4293.815,2716.966,388.704,4.571905,0.004501,3110.2464059999998,22.03729,22.22865,2871.59,1091.275,1298.62,144.7889,4313.458
2023-05-07,2023,20.17951,5055.602,5084.972,2954.822,373.6584,5.435281,0.007439,3333.92312,20.29617,20.87233,273.4755,0.0,0.0,239.2746,2230.96
2023-05-08,2023,20.76076,5152.609,5182.914,3000.807,373.6584,5.747673,0.027289,3380.2403619999995,20.02134,20.47834,273.4755,0.0,0.0,877.7898,2378.788
2023-05-09,2023,20.825,6226.011,6261.73,3369.849,376.2912,6.773818,0.008521,3752.9225390000006,21.74936,21.84164,2871.59,1103.145,1316.576,274.0886,4734.364
2023-05-10,2023,19.91042,5936.159,5971.492,3283.06,385.6207,6.412089,0.000903,3675.093692,22.07627,22.26411,2871.59,1093.396,1293.593,29.03733,4635.33
2023-05-11,2023,20.97639,8281.649,8328.323,3503.956,392.2966,9.399579,0.001328,3905.653507,22.22691,22.42752,2871.59,1106.278,1288.392,42.73168,4785.424
2023-05-12,2023,21.93715,7919.015,7961.891,3397.709,412.4066,9.010657,0.000133,3819.12639,22.57208,22.84072,2871.59,1116.007,1263.936,4.285189,4731.674
2023-05-13,2023,21.62951,8218.844,8266.239,3522.315,429.0161,9.381637,2e-06,3960.712739,22.77942,23.10758,2871.59,1080.938,1253.411,0.049074,4795.428
2023-05-14,2023,23.27222,9774.286,9828.541,3763.755,373.6584,11.15396,8e-06,4148.567368,21.24302,21.89517,273.4755,0.0,0.0,0.266216,2679.806
2023-05-15,2023,26.25556,11054.13,11117.06,4031.488,374.2919,12.79943,0.0,4418.57933,20.97006,21.56079,273.4755,0.0,0.0,0.0,2843.382
2023-05-16,2023,30.13785,15635.39,16841.86,5113.115,503.3896,23.2634,0.0,5639.768,22.91466,23.23548,2871.59,1081.667,1245.895,0.0,5813.368
2023-05-17,2023,24.99618,14205.75,14277.85,4246.16,645.3666,17.86967,0.0,4909.39627,23.5138,24.13899,2871.59,1084.917,1228.867,0.0,5372.732
2023-05-18,2023,22.79722,11266.95,11327.73,3841.868,522.3803,13.45414,0.0,4377.70244,23.35038,23.88991,2871.59,1088.339,1232.26,0.0,5052.6
2023-05-19,2023,23.12639,10766.1,10824.79,3863.333,484.4109,12.78848,0.0,4360.532380000001,23.20541,23.67459,2871.59,1079.129,1238.23,0.0,5036.613
2023-05-20,2023,29.75382,13786.4,13960.09,4562.653,645.0594,17.63599,0.0,5225.34839,23.4381,23.99906,2871.59,1192.46,1231.813,0.0,5629.37
2023-05-21,2023,23.77813,8872.512,8917.452,3619.109,375.7506,10.01909,0.0,4004.8786899999996,22.80945,23.58386,273.4755,0.0,0.0,0.0,2592.68
2023-05-22,2023,21.8059,7937.118,7983.688,3510.438,373.6584,8.805603,0.0,3892.9020029999997,21.5867,22.28875,273.4755,0.0,0.0,0.0,2524.823
2023-05-23,2023,21.66354,8258.628,8302.549,3541.215,406.2372,9.222959,0.0,3956.6751590000003,22.54991,22.82043,2871.59,1076.458,1262.759,0.0,4790.258
2023-05-24,2023,21.8066,7257.177,7297.99,3447.321,431.6482,8.050363,0.0,3887.019563,22.81537,23.15252,2871.59,1100.278,1250.095,0.001164,4762.481
2023-05-25,2023,21.40972,6561.738,6600.061,3058.414,435.9294,7.388711,8e-06,3501.7321190000002,22.85255,23.20641,2871.59,1082.292,1250.711,0.264168,4518.147
2023-05-26,2023,25.08854,9901.055,9957.843,3875.826,463.1466,11.61136,0.0,4350.58396,23.02459,23.40137,2871.59,1078.779,1244.633,0.0,5030.373
2023-05-27,2023,22.2875,9765.21,9816.002,3678.469,489.7405,11.46686,0.0,4179.67636,23.19526,23.68184,2871.59,1118.482,1235.578,0.0,4950.863
2023-05-28,2023,21.23056,7164.35,7204.94,3443.332,373.6584,7.871519,0.0,3824.8619189999995,21.42794,22.11523,273.4755,0.0,0.0,0.0,2483.59
2023-05-29,2023,23.36389,8328.569,8376.211,3627.961,373.6584,9.368923,0.000304,4010.9886269999997,20.64636,21.2493,273.4755,0.0,0.0,9.793728,2598.22
2023-05-30,2023,23.90868,10257.32,10314.47,3782.709,402.3474,11.85354,0.0,4196.90994,22.47974,22.70732,2871.59,1077.055,1263.869,0.0,4936.202
2023-05-31,2023,22.93854,9711.185,9762.697,3682.796,437.525,11.18489,0.0,4131.50589,22.8936,23.24346,2871.59,1085.737,1246.065,0.0,4901.828
2023-06-01,2023,24.3684,10237.36,10307.14,3898.622,460.5636,12.04743,0.0,4371.233029999999,23.02114,23.39784,2871.59,1109.76,1243.896,0.0,5061.661
2023-06-02,2023,28.44167,13927.52,14386.01,4613.15,574.2169,17.89366,0.0,5205.26056,23.34639,23.84763,2871.59,1157.203,1234.017,0.0,5595.831
2023-06-03,2023,23.22153,15814.02,16101.38,4424.002,595.1891,20.25808,0.0,5039.44918,23.5264,24.15738,2871.59,1073.164,1229.119,0.0,5444.422
2023-06-04,2023,21.7941,10216.5,10274.56,3749.398,373.6584,11.7602,0.0,4134.8166,21.8482,22.56791,273.4755,0.0,0.0,0.0,2671.422
2023-06-05,2023,22.87778,10272.39,10329.01,3743.302,373.6584,11.7749,0.0,4128.7353,20.95646,21.59573,273.4755,0.0,0.0,0.0,2667.737
2023-06-06,2023,23.13333,10065.92,10120.6,3747.429,397.3864,11.55282,0.0,4156.36822,22.40736,22.63195,2871.59,1086.396,1269.744,0.0,4917.294
2023-06-07,2023,23.32014,10785.84,10844.62,3833.146,432.1596,12.58081,0.0,4277.886410000001,22.85362,23.18277,2871.59,1077.034,1249.047,0.0,4985.26
2023-06-08,2023,23.40069,12075.92,12143.15,3965.492,459.1737,14.39231,0.0,4439.058010000001,23.03075,23.42782,2871.59,1082.945,1241.959,0.0,5086.513
2023-06-09,2023,24.06181,13737.32,13810.86,4163.861,476.9403,16.64964,0.0,4657.45094,23.14079,23.57073,2871.59,1087.996,1238.93,0.0,5221.919
2023-06-10,2023,24.85347,14148.38,14225.02,4217.251,507.0062,17.21994,0.0,4741.47714,23.24414,23.72632,2871.59,1066.069,1234.787,0.0,5259.552
2023-06-11,2023,25.84097,13335.94,13408.36,4138.608,373.6631,15.73898,0.0,4528.01008,22.11649,22.82291,273.4755,0.0,0.0,0.0,2909.698
2023-06-12,2023,25.96563,13484.75,13556.95,4171.891,373.8604,15.93384,0.0,4561.685239999999,21.71493,22.39057,273.4755,0.0,0.0,0.0,2930.104
2023-06-13,2023,24.68924,13889.27,14163.54,4301.05,451.1604,17.08872,0.0,4769.29912,22.97065,23.33576,2871.59,1101.569,1240.757,0.0,5297.925
2023-06-14,2023,24.61944,13141.33,13233.66,4181.117,512.8405,16.02656,0.0,4709.984060000001,23.26692,23.75154,2871.59,1109.019,1233.561,0.0,5266.495
2023-06-15,2023,24.78889,13296.38,13369.78,4147.887,535.0411,16.21285,0.0,4699.14095,23.34468,23.8709,2871.59,1074.314,1232.175,0.0,5238.892
2023-06-16,2023,25.0625,16687.98,16872.56,4559.353,539.8471,21.08861,0.0,5120.28871,23.37449,23.91587,2871.59,1062.529,1232.07,0.0,5486.966
2023-06-17,2023,25.60764,17887.71,18486.5,4827.937,561.0484,23.38665,0.0,5412.37205,23.41914,23.98566,2871.59,1074.338,1231.089,0.0,5671.125
2023-06-18,2023,26.57222,14341.05,14416.92,4287.597,374.9705,17.27111,0.0,4679.83861,22.43113,23.15584,273.4755,0.0,0.0,0.0,3001.706
2023-06-19,2023,25.29583,12954.73,13024.69,4060.096,373.6683,15.30094,0.0,4449.06524,21.95492,22.64833,273.4755,0.0,0.0,0.0,2861.857
2023-06-20,2023,24.45139,10941.02,10996.89,3830.905,466.3133,12.87981,0.0,4310.098110000001,23.03608,23.43213,2871.59,1051.963,1237.944,0.0,4989.588
2023-06-21,2023,24.85174,12204.13,12274.08,4104.561,495.0729,14.75972,0.0,4614.39362,23.22655,23.68412,2871.59,1085.439,1236.493,0.0,5194.277
2023-06-22,2023,24.35521,14888.5,14965.73,4278.093,545.9957,18.46331,0.0,4842.55201,23.37337,23.92303,2871.59,1059.085,1231.314,0.0,5316.57
2023-06-23,2023,24.43333,13693.13,13766.73,4179.791,535.8936,16.82168,0.0,4732.5062800000005,23.36566,23.90475,2871.59,1073.839,1232.499,0.0,5258.824
2023-06-24,2023,23.98819,13383.43,13454.26,4147.543,537.9503,16.42268,0.0,4701.91598,23.37396,23.9233,2871.59,1059.893,1232.591,0.0,5231.835
2023-06-25,2023,24.05278,12041.75,12107.94,4000.934,373.6584,14.0898,0.0,4388.6822,22.18552,22.91137,273.4755,0.0,0.0,0.0,2825.265
2023-06-26,2023,24.73819,10984.23,11043.61,3844.959,373.6584,12.66892,0.0,4231.28632,21.6413,22.32207,273.4755,0.0,0.0,0.0,2729.883
2023-06-27,2023,24.49097,13024.81,13096.47,4083.132,444.3509,15.6043,0.0,4543.0872,22.88189,23.22069,2871.59,1053.257,1243.932,0.0,5131.563
2023-06-28,2023,24.51667,13371.83,13440.77,4107.697,485.1859,16.18362,0.0,4609.06652,23.16474,23.60665,2871.59,1066.316,1236.099,0.0,5179.46
2023-06-29,2023,25.38333,14660.72,14742.24,4317.29,520.1855,18.0404,0.0,4855.5159,23.28219,23.77627,2871.59,1111.524,1233.271,0.0,5356.205
2023-06-30,2023,25.30139,16227.25,16384.83,4500.204,551.238,20.41636,0.0,5071.85836,23.35688,23.88698,2871.59,1051.735,1232.106,0.0,5451.076
2023-07-01,2023,24.51458,11837.53,11900.38,3962.139,545.189,14.26903,0.0,4521.597030000001,23.38114,23.93458,2871.59,1072.379,1231.773,0.0,5130.128
2023-07-02,2023,24.81319,12661.69,12732.07,4036.638,373.6584,14.85635,0.0,4425.15275,22.21313,22.93994,273.4755,0.0,0.0,0.0,2847.366
2023-07-03,2023,25.38646,13521.77,13595.05,4134.833,373.6584,15.93261,0.0,4524.42401,21.63387,22.31393,273.4755,0.0,0.0,0.0,2907.524
2023-07-04,2023,25.18993,14273.11,14349.87,4224.988,449.6303,17.21457,0.0,4691.83287,22.93835,23.29779,2871.59,1078.489,1241.71,0.0,5236.993
2023-07-05,2023,25.06319,14998.27,15078.0,4304.134,513.9404,18.41194,0.0,4836.4863399999995,23.25477,23.73655,2871.59,1077.517,1233.063,0.0,5324.064
2023-07-06,2023,25.34132,16382.98,16627.0,4533.616,541.5786,20.68712,0.0,5095.881719999999,23.33916,23.86124,2871.59,1067.688,1231.875,0.0,5475.302
2023-07-07,2023,25.78924,18155.04,18512.06,4785.572,556.0216,23.35589,0.0,5364.94949,23.39911,23.95542,2871.59,1059.796,1231.221,0.0,5633.574
2023-07-08,2023,25.71319,18799.23,19239.88,4906.682,583.4168,24.51466,0.0,5514.61346,23.46889,24.06316,2871.59,1058.051,1230.378,0.0,5723.212
2023-07-09,2023,24.39097,12495.77,12562.64,4042.966,373.6584,14.67488,0.0,4431.299279999999,22.35665,23.09586,273.4755,0.0,0.0,0.0,2851.091
2023-07-10,2023,25.4125,13036.0,13107.03,4077.759,373.6802,15.36807,0.0,4466.80727,21.79867,22.48891,273.4755,0.0,0.0,0.0,2872.608
2023-07-11,2023,25.94479,16040.54,16234.92,4487.217,478.7037,19.97732,0.0,4985.89802,23.06723,23.47625,2871.59,1064.827,1237.028,0.0,5406.917
2023-07-12,2023,25.50937,17153.24,17401.09,4627.435,541.6862,21.79971,0.0,5190.920910000001,23.35942,23.88972,2871.59,1056.616,1231.336,0.0,5526.186
2023-07-13,2023,25.06875,16303.53,16391.99,4492.797,563.0567,20.48748,0.0,5076.341179999999,23.42559,23.99589,2871.59,1075.062,1230.792,0.0,5467.929
2023-07-14,2023,25.12292,16320.78,16406.82,4512.839,575.9469,20.6104,0.0,5109.396299999999,23.46159,24.05139,2871.59,1062.629,1230.464,0.0,5480.426
2023-07-15,2023,25.93993,19475.96,20118.68,5056.472,603.2603,25.85434,0.0,5685.5866399999995,23.50606,24.11767,2871.59,1069.185,1229.909,0.0,5833.57
2023-07-16,2023,26.04688,17750.99,17985.08,4688.484,373.8898,21.97918,0.0,5084.352980000001,22.56815,23.31522,273.4755,0.0,0.0,0.0,3246.841
2023-07-17,2023,27.14792,18328.43,18670.27,4856.216,374.4501,22.92434,0.0,5253.59044,22.13837,22.84321,273.4755,0.0,0.0,0.0,3349.399
2023-07-18,2023,27.25972,21017.72,22351.0,5469.077,542.6359,28.69136,0.0,6040.40426,23.25445,23.74116,2871.59,1081.871,1232.217,0.0,6056.276
2023-07-19,2023,26.75486,19806.05,20218.82,5079.488,622.9103,26.06261,0.0,5728.460910000001,23.50867,24.11671,2871.59,1065.167,1229.265,0.0,5857.116
2023-07-20,2023,26.36667,19250.01,19710.29,5008.128,634.0938,25.39737,0.0,5667.619169999999,23.54194,24.16858,2871.59,1067.853,1229.239,0.0,5821.874
2023-07-21,2023,26.23785,19255.36,19781.8,5021.199,629.3773,25.5344,0.0,5676.110699999999,23.55149,24.18637,2871.59,1054.113,1229.261,0.0,5818.693
2023-07-22,2023,26.63507,20677.56,21548.28,5327.753,634.9145,28.01573,0.0,5990.68323,23.56601,24.20501,2871.59,1077.44,1229.266,0.0,6023.461
2023-07-23,2023,26.51875,15813.86,15897.69,4435.017,375.8486,19.08868,0.0,4829.95428,22.74783,23.4976,273.4755,0.0,0.0,0.0,3092.676
2023-07-24,2023,26.82292,17265.93,17452.46,4659.271,375.1479,21.2722,0.0,5055.6911,22.23564,22.94151,273.4755,0.0,0.0,0.0,3229.472
2023-07-25,2023,26.70208,19933.08,20789.0,5161.231,540.8596,26.52706,0.0,5728.61766,23.26082,23.75003,2871.59,1051.394,1232.272,0.0,5848.865
2023-07-26,2023,27.48333,21906.0,23313.27,5677.116,614.4691,30.4193,0.0,6322.0044,23.50582,24.10443,2871.59,1092.03,1229.524,0.0,6233.083
2023-07-27,2023,27.02917,22229.03,23875.09,5806.848,659.4645,31.41549,0.0,6497.72799,23.60132,24.24898,2871.59,1082.018,1228.999,0.0,6333.503
2023-07-28,2023,26.42396,18651.14,18853.52,4884.177,672.8271,24.24557,0.0,5581.24967,23.62574,24.28995,2871.59,1065.709,1228.689,0.0,5768.235
2023-07-29,2023,26.75937,19435.25,19888.4,5069.471,670.759,25.78955,0.0,5766.01955,23.59605,24.24656,2871.59,1060.365,1228.84,0.0,5876.967
2023-07-30,2023,26.21667,13188.79,13258.89,4114.701,375.5489,15.75829,0.0,4506.00819,22.68698,23.42259,273.4755,0.0,0.0,0.0,2896.365
2023-07-31,2023,25.19792,13635.13,13710.17,4132.746,373.6909,16.15605,0.0,4522.592949999999,22.02855,22.73835,273.4755,0.0,0.0,0.0,2906.414
2023-08-01,2023,27.80556,20539.46,22127.71,5546.438,520.5901,28.1434,0.0,6095.1715,23.161,23.60049,2871.59,1076.531,1235.441,0.0,6086.229
2023-08-02,2023,27.52847,22347.22,23717.25,5729.644,646.4774,31.0199,0.0,6407.1413,23.53677,24.15734,2871.59,1066.891,1229.165,0.0,6269.441
2023-08-03,2023,27.06736,22285.83,23591.71,5657.203,676.901,31.05912,0.0,6365.16312,23.60973,24.27021,2871.59,1076.411,1228.736,0.0,6249.772
2023-08-04,2023,27.52396,23417.1,25263.79,5944.936,690.6576,33.44165,0.0,6669.03525,23.63152,24.2991,2871.59,1063.596,1228.6,0.0,6426.151
2023-08-05,2023,27.80903,23679.02,25443.65,6069.938,704.498,33.95391,0.0,6808.38991,23.65633,24.34868,2871.59,1080.94,1228.554,0.0,6521.111
2023-08-06,2023,27.78437,19353.2,20147.44,5108.263,382.1081,24.88003,0.0,5515.251130000001,22.9605,23.72507,273.4755,0.0,0.0,0.0,3507.965
2023-08-07,2023,27.15764,16175.82,16305.29,4561.716,376.4691,19.67836,0.0,4957.8634600000005,22.42265,23.15019,273.4755,0.0,0.0,0.0,3170.188
2023-08-08,2023,27.4309,20532.6,21552.77,5383.428,585.4825,27.86077,0.0,5996.77127,23.35621,23.89646,2871.59,1075.164,1230.76,0.0,6025.771
2023-08-09,2023,26.5191,20334.76,21216.54,5306.497,642.0952,27.69385,0.0,5976.28605,23.56183,24.19487,2871.59,1078.31,1229.102,0.0,6015.263
2023-08-10,2023,26.81667,20169.76,20716.98,5198.568,655.2061,26.93554,0.0,5880.709640000001,23.59846,24.25284,2871.59,1096.074,1228.916,0.0,5968.109
2023-08-11,2023,26.86319,20543.29,21218.04,5292.203,675.1793,27.71721,0.0,5995.09951,23.61905,24.29051,2871.59,1093.021,1228.783,0.0,6035.579
2023-08-12,2023,26.94514,21043.55,21812.85,5379.358,675.2374,28.54906,0.0,6083.14446,23.62914,24.30489,2871.59,1092.475,1228.749,0.0,6088.603
2023-08-13,2023,27.1059,17351.83,17601.86,4698.867,377.9886,21.42846,0.0,5098.28406,22.85166,23.60872,273.4755,0.0,0.0,0.0,3255.283
2023-08-14,2023,27.64792,19799.85,20673.28,5176.299,377.4331,25.61239,0.0,5579.34449,22.39309,23.10961,273.4755,0.0,0.0,0.0,3546.806
2023-08-15,2023,27.69062,20957.98,22162.69,5480.85,578.1063,28.54264,0.0,6087.49894,23.3367,23.86034,2871.59,1077.67,1230.863,0.0,6082.27
2023-08-16,2023,26.50729,18850.6,19393.37,5036.527,617.4168,24.94106,0.0,5678.88486,23.53017,24.13815,2871.59,1121.365,1229.191,0.0,5861.129
2023-08-17,2023,26.47743,18103.04,18328.24,4877.749,634.8383,23.59951,0.0,5536.18681,23.57365,24.20475,2871.59,1110.502,1228.902,0.0,5768.071
2023-08-18,2023,27.66042,21113.78,22069.2,5501.125,674.0317,28.9969,0.0,6204.1536,23.61389,24.27126,2871.59,1097.163,1228.607,0.0,6164.775
2023-08-19,2023,28.01667,22003.18,22926.6,5641.985,714.7978,30.36332,0.0,6387.14612,23.66784,24.3608,2871.59,1085.414,1228.527,0.0,6268.549
2023-08-20,2023,27.63403,17539.99,17840.13,4768.384,383.6599,21.77614,0.0,5173.82004,22.99705,23.76586,273.4755,0.0,0.0,0.0,3301.058
2023-08-21,2023,27.78437,19225.93,20033.23,5112.559,380.517,24.71493,0.0,5517.79093,22.54752,23.27786,273.4755,0.0,0.0,0.0,3509.504
2023-08-22,2023,27.88368,23368.12,25546.87,6103.468,629.7068,33.84653,0.0,6767.02133,23.42366,23.9954,2871.59,1094.301,1230.064,0.0,6504.139
2023-08-23,2023,27.17917,20814.79,21483.27,5311.034,665.3481,27.96642,0.0,6004.34852,23.59875,24.25175,2871.59,1089.812,1228.73,0.0,6039.239
2023-08-24,2023,27.46979,20741.17,21417.53,5339.905,677.5472,28.05941,0.0,6045.51161,23.60816,24.26872,2871.59,1076.156,1228.759,0.0,6055.908
2023-08-25,2023,27.73576,21423.79,22342.84,5520.958,682.2064,29.46647,0.0,6232.63087,23.63464,24.3024,2871.59,1098.336,1228.65,0.0,6182.743
2023-08-26,2023,27.59479,22573.75,24013.04,5819.047,701.7567,31.96705,0.0,6552.77075,23.6568,24.3443,2871.59,1071.924,1228.536,0.0,6360.743
2023-08-27,2023,27.29792,15796.09,15880.43,4480.362,379.2643,19.08357,0.0,4878.70987,22.9191,23.68686,273.4755,0.0,0.0,0.0,3122.222
2023-08-28,2023,26.6809,14760.46,14839.92,4327.983,376.3437,17.63981,0.0,4721.96651,22.4408,23.17409,273.4755,0.0,0.0,0.0,3027.235
2023-08-29,2023,27.23021,19119.11,19763.63,5087.347,600.7554,25.36045,0.0,5713.46285,23.35297,23.89134,2871.59,1097.967,1230.78,0.0,5867.904
2023-08-30,2023,26.68993,19488.79,19932.22,5053.792,636.5823,25.77667,0.0,5716.150970000001,23.54415,24.1664,2871.59,1089.42,1229.086,0.0,5864.354
2023-08-31,2023,26.04167,18470.12,18602.17,4795.863,636.6668,23.78251,0.0,5456.31231,23.55992,24.20185,2871.59,1101.521,1229.038,0.0,5714.225
2023-09-01,2023,25.68576,18749.81,19332.26,4973.77,596.3524,24.7801,0.0,5594.9025,23.52156,24.12576,2871.59,1139.009,1229.671,0.0,5820.928
2023-09-02,2023,26.26597,19246.57,19870.96,5088.229,622.7934,25.56592,0.0,5736.58832,23.54262,24.16545,2871.59,1143.186,1229.361,0.0,5909.321
2023-09-03,2023,25.58264,14488.13,14566.56,4274.935,373.8863,17.26457,0.0,4666.085870000001,22.59189,23.34239,273.4755,0.0,0.0,0.0,2993.371
2023-09-04,2023,25.49618,14837.42,14920.11,4298.571,374.0279,17.74803,0.0,4690.34693,22.00486,22.70482,273.4755,0.0,0.0,0.0,3008.073
2023-09-05,2023,25.81944,15624.78,15793.02,4417.033,478.0663,19.25817,0.0,4914.357470000001,23.09573,23.50215,2871.59,1148.45,1236.249,0.0,5414.24
2023-09-06,2023,26.13472,15344.64,15426.46,4402.648,544.5787,19.03118,0.0,4966.25788,23.35169,23.87513,2871.59,1114.314,1231.538,0.0,5425.005
2023-09-07,2023,25.39271,16737.89,16895.46,4578.303,554.7228,21.14937,0.0,5154.1751699999995,23.43294,23.98829,2871.59,1132.598,1230.609,0.0,5549.963
2023-09-08,2023,25.65382,15985.71,16068.95,4461.993,584.0943,19.95836,0.0,5066.04566,23.46649,24.05155,2871.59,1130.878,1229.978,0.0,5495.514
2023-09-09,2023,25.32153,14209.91,14285.07,4225.407,589.6231,17.50914,0.0,4832.53924,23.47551,24.07425,2871.59,1129.026,1230.06,0.0,5352.887
2023-09-10,2023,24.45382,11307.64,11369.97,3902.271,373.685,13.06375,0.0,4289.01975,22.35246,23.08767,273.4755,0.0,0.0,0.0,2764.87
2023-09-11,2023,24.80868,11499.71,11562.79,3918.354,373.7066,13.30492,0.0,4305.365519999999,21.74129,22.42792,273.4755,0.0,0.0,0.0,2774.775
2023-09-12,2023,24.25625,12218.21,12284.59,4045.935,446.3365,14.55558,0.0,4506.82708,22.93882,23.29125,2871.59,1147.941,1242.816,0.0,5166.968
2023-09-13,2023,25.27569,15006.88,15337.98,4490.503,509.6568,18.859,0.0,5019.0188,23.23832,23.69755,2871.59,1160.042,1234.553,0.0,5484.689
2023-09-14,2023,25.73958,17892.46,18809.16,4995.542,549.4605,23.79001,0.0,5568.79251,23.38046,23.90658,2871.59,1149.293,1231.587,0.0,5811.338
2023-09-15,2023,26.09931,18630.41,19221.59,4979.24,580.1228,24.50164,0.0,5583.86444,23.45021,24.01844,2871.59,1138.518,1230.121,0.0,5813.942
2023-09-16,2023,27.22222,21796.51,23422.27,5734.09,622.0562,30.64311,0.0,6386.78931,23.51604,24.11754,2871.59,1117.138,1229.53,0.0,6287.558
2023-09-17,2023,25.64305,17211.51,17727.03,4726.054,374.2034,21.55447,0.0,5121.81187,22.57137,23.31321,273.4755,0.0,0.0,0.0,3269.541
2023-09-18,2023,25.80174,16443.63,16636.21,4577.446,373.9291,20.08414,0.0,4971.45924,21.94613,22.64017,273.4755,0.0,0.0,0.0,3178.428
2023-09-19,2023,26.19896,17354.39,17796.19,4708.759,482.9835,21.94201,0.0,5213.68451,23.08702,23.49269,2871.59,1149.083,1236.217,0.0,5596.016
2023-09-20,2023,25.57604,16986.93,17235.03,4636.455,535.3202,21.5256,0.0,5193.3008,23.33851,23.84962,2871.59,1157.848,1231.826,0.0,5588.974
2023-09-21,2023,23.96632,14898.67,15088.46,4360.158,526.8577,18.6747,0.0,4905.6903999999995,23.35058,23.86807,2871.59,1203.241,1232.161,0.0,5442.19
2023-09-22,2023,25.50069,16976.76,17575.62,4778.682,537.3472,22.04329,0.0,5338.07249,23.3568,23.87148,2871.59,1163.443,1233.108,0.0,5680.096
2023-09-23,2023,26.39514,18530.78,19053.74,4956.976,587.0604,24.13747,0.0,5568.17387,23.462,24.03247,2871.59,1174.515,1230.566,0.0,5826.247
2023-09-24,2023,26.57361,14364.35,14441.8,4297.409,376.828,17.07178,0.0,4691.308779999999,22.54238,23.28045,273.4755,0.0,0.0,0.0,3008.656
2023-09-25,2023,24.90347,11851.22,11914.96,3957.553,373.905,13.78502,0.0,4345.24302,21.94138,22.64504,273.4755,0.0,0.0,0.0,2798.941
2023-09-26,2023,25.22743,14703.62,14981.91,4347.714,462.5694,18.20048,0.0,4828.483880000001,23.0156,23.39524,2871.59,1168.083,1239.893,0.0,5374.098
2023-09-27,2023,26.08125,16518.42,16609.37,4537.328,537.0302,20.51687,0.0,5094.875070000001,23.31301,23.81441,2871.59,1141.963,1232.071,0.0,5519.702
2023-09-28,2023,26.16701,16926.85,17144.49,4654.161,573.4532,21.3425,0.0,5248.9567,23.42083,23.97248,2871.59,1172.186,1230.597,0.0,5631.391
2023-09-29,2023,26.35417,18356.13,18726.21,4863.311,595.908,23.63728,0.0,5482.85628,23.47336,24.05717,2871.59,1154.746,1230.117,0.0,5762.565
2023-09-30,2023,25.41736,16228.12,16312.88,4494.489,597.4975,20.41719,0.0,5112.403689999999,23.48547,24.07576,2871.59,1161.037,1229.463,0.0,5541.884
2023-10-01,2023,23.86875,8073.738,8116.281,3565.342,373.6584,8.932994,0.0,3947.9333939999997,22.17817,22.90649,273.4755,0.0,0.0,0.0,2558.171
2023-10-02,2023,22.1125,8849.717,8902.542,3595.091,373.6584,10.01805,0.0,3978.76745,21.18876,21.85364,273.4755,0.0,0.0,0.0,2576.857
2023-10-03,2023,23.09028,8980.806,9027.605,3678.415,405.9737,10.16956,8e-06,4094.5582679999998,22.43785,22.67473,2871.59,1183.503,1265.735,0.263519,4938.733
2023-10-04,2023,23.78542,9981.015,10038.17,3826.264,465.1686,11.63718,0.0,4303.06978,22.93034,23.28889,2871.59,1268.429,1242.751,0.0,5116.507
2023-10-05,2023,23.43403,11951.85,12017.42,3961.028,493.9885,14.32397,0.0,4469.34047,23.1344,23.57456,2871.59,1248.793,1235.953,0.0,5205.367
2023-10-06,2023,23.15417,9106.74,9153.411,3625.489,495.727,10.44798,0.0,4131.66398,23.1888,23.65998,2871.59,1183.732,1235.429,0.0,4961.309
2023-10-07,2023,21.83889,7590.535,7634.325,3462.97,467.4588,8.608713,0.0,3939.0375129999998,23.07688,23.49864,2871.59,1219.046,1241.319,0.0,4865.978
2023-10-08,2023,23.51805,10254.52,10312.93,3732.074,373.6584,11.69778,0.0,4117.43018,21.56051,22.24058,273.4755,0.0,0.0,0.0,2660.886
2023-10-09,2023,23.38576,9959.705,10015.16,3705.125,373.6584,11.33165,0.0,4090.11505,20.88067,21.51003,273.4755,0.0,0.0,0.0,2644.333
2023-10-10,2023,23.27396,10661.78,10720.12,3777.546,398.6863,12.31942,2.8e-05,4188.551748,22.3409,22.5574,2871.59,1189.78,1268.928,0.897146,4999.616
2023-10-11,2023,23.14236,10558.0,10615.36,3769.24,433.0688,12.28018,0.0,4214.5889799999995,22.8024,23.12003,2871.59,1226.226,1248.921,0.0,5037.313
2023-10-12,2023,23.33924,10924.8,10985.15,3873.786,452.784,12.86753,1e-06,4339.4375310000005,22.93324,23.29214,2871.59,1237.924,1244.6,0.033901,5120.066
2023-10-13,2023,24.3316,13600.41,13703.21,4206.118,482.8441,16.61615,0.0,4705.5782500000005,23.09913,23.51695,2871.59,1214.081,1238.83,0.0,5327.492
2023-10-14,2023,25.77361,17034.49,17326.3,4658.244,523.7509,21.53094,0.0,5203.525839999999,23.23063,23.70814,2871.59,1197.251,1234.275,0.0,5619.049
2023-10-15,2023,24.77083,15420.26,15504.2,4362.629,373.6584,18.6353,0.0,4754.9227,22.08431,22.79531,273.4755,0.0,0.0,0.0,3047.206
2023-10-16,2023,23.53472,13852.65,13926.3,4124.563,373.6609,16.51563,0.0,4514.73953,21.35173,22.01313,273.4755,0.0,0.0,0.0,2901.655
2023-10-17,2023,23.63333,12305.53,12369.53,3922.858,412.9674,14.50396,0.0,4350.32936,22.57105,22.8358,2871.59,1186.862,1254.759,0.0,5095.717
2023-10-18,2023,22.24375,7836.604,7882.355,3502.016,434.9112,8.804411,0.0,3945.731611,22.82598,23.16634,2871.59,1186.567,1247.087,0.0,4850.352
2023-10-19,2023,19.86389,5131.879,5158.802,3172.179,423.0699,5.79116,3.1e-05,3601.0400910000003,22.70889,23.03311,2871.59,1201.79,1256.714,0.997976,4650.882
2023-10-20,2023,18.98889,4455.792,4477.36,2678.894,403.617,5.049678,0.00162,3087.562298,22.40532,22.68988,2871.59,1197.143,1278.142,52.12173,4346.487
2023-10-21,2023,19.28681,4593.015,4618.701,2916.196,401.3249,4.991306,0.001937,3322.514143,22.31664,22.55228,2871.59,1220.494,1279.238,62.32032,4504.931
2023-10-22,2023,19.16875,3692.501,3712.804,2258.659,373.6584,4.340066,0.009464,2636.6669300000003,20.48835,21.08377,273.4755,0.0,0.0,304.4148,1820.641
2023-10-23,2023,20.54306,4483.02,4509.533,2457.582,373.6584,5.240993,0.029722,2836.511115,20.10027,20.55699,273.4755,0.0,0.0,956.0551,2063.968
2023-10-24,2023,22.49861,5926.737,5957.624,2945.308,380.5209,7.4888,0.011795,3333.329495,21.83882,21.90972,2871.59,1245.38,1308.997,379.4174,4586.041
2023-10-25,2023,22.72917,6668.11,6703.667,3149.217,413.9264,8.230417,8.9e-05,3571.3739060000003,22.49803,22.74211,2871.59,1246.592,1265.267,2.87003,4660.404
2023-10-26,2023,21.66493,7376.558,7422.269,3381.756,445.8867,8.500195,1e-06,3836.142896,22.79593,23.12415,2871.59,1345.065,1248.618,0.025463,4879.995
2023-10-27,2023,21.51354,8276.132,8317.311,3538.921,432.0724,9.346077,0.0,3980.339477,22.80848,23.14673,2871.59,1231.803,1251.428,0.0,4898.738
2023-10-28,2023,20.45903,5402.587,5435.07,3213.402,421.4041,5.825154,0.000136,3640.6313900000005,22.6436,22.94941,2871.59,1224.297,1260.151,4.367967,4689.145
2023-10-29,2023,20.96736,4787.814,4816.64,3258.603,373.6584,5.0376,0.000872,3637.299872,20.8557,21.49244,273.4755,0.0,0.0,28.06385,2375.191
2023-10-30,2023,21.21111,5076.906,5103.878,3279.949,373.6584,5.456691,0.012449,3659.0765399999996,20.13975,20.67075,273.4755,0.0,0.0,400.4316,2458.229
2023-10-31,2023,20.13056,6092.394,6128.693,2935.604,376.5149,6.752836,0.012928,3318.884664,21.69576,21.76252,2871.59,1236.898,1319.19,415.8371,4578.978
2023-11-01,2023,22.22569,8271.153,8318.943,3558.772,393.2272,9.251231,0.00074,3961.251171,22.19804,22.38193,2871.59,1253.283,1283.108,23.78757,4904.648
2023-11-02,2023,21.23646,7833.801,7875.287,3510.77,407.1797,8.7896,0.000187,3926.7394870000003,22.44706,22.69276,2871.59,1229.001,1267.094,6.004984,4865.684
2023-11-03,2023,18.47326,5044.851,5074.678,2842.734,394.6234,5.47256,0.001481,3242.831441,22.26666,22.50552,2871.59,1258.681,1284.567,47.64285,4477.032
2023-11-04,2023,20.425,5682.499,5714.722,3324.705,391.3442,6.063574,0.003458,3722.116232,22.12744,22.31305,2871.59,1226.028,1292.14,111.2347,4759.617
2023-11-05,2023,18.37778,3972.717,3994.258,2551.808,373.6584,4.22977,0.013753,2929.709923,20.35472,20.92423,273.4755,0.0,0.0,442.377,2024.101
2023-11-06,2023,18.22743,3615.731,3639.872,2322.943,373.6584,4.102675,0.055193,2700.7592680000002,20.02601,20.38032,273.4755,0.0,0.0,1777.004,2135.679
2023-11-07,2023,18.92535,4495.103,4519.956,2281.711,374.3823,5.011432,0.027173,2661.1319049999993,21.47002,21.45094,2871.59,1254.561,1342.788,878.3099,4277.825
2023-11-08,2023,20.5,5080.664,5110.206,3217.385,382.7341,5.398644,0.00457,3605.5223140000003,21.91057,22.04458,2871.59,1235.071,1303.755,146.9957,4701.149
2023-11-09,2023,21.42083,8963.138,9015.524,3600.742,393.2249,10.15127,0.001767,4004.1199370000004,22.18946,22.37367,2871.59,1232.578,1285.075,56.83792,4924.278
2023-11-10,2023,20.57708,6900.917,6936.998,3406.875,401.197,7.563269,0.000407,3815.6356760000003,22.35175,22.58012,2871.59,1247.092,1275.502,13.1052,4810.65
2023-11-11,2023,18.9316,4275.602,4300.939,2757.145,400.217,4.520208,0.001446,3161.883654,22.31055,22.5405,2871.59,1261.498,1279.122,46.51867,4429.473
2023-11-12,2023,17.80382,3117.049,3133.565,2042.564,373.6584,3.410753,0.020982,2419.654135,20.41698,20.98238,273.4755,0.0,0.0,674.9038,1758.62
2023-11-13,2023,18.70208,3864.502,3888.256,2360.627,373.6584,4.394078,0.053977,2738.7334549999996,20.04143,20.39749,273.4755,0.0,0.0,1737.106,2151.208
2023-11-14,2023,19.49583,5188.67,5218.312,3159.831,374.6555,5.633425,0.021036,3540.140961,21.5328,21.53438,2871.59,1262.968,1336.116,677.7045,4777.973
2023-11-15,2023,17.68542,3754.318,3775.471,2266.995,378.8083,4.045265,0.009283,2649.857848,21.78311,21.90532,2871.59,1276.993,1314.991,298.6121,4175.859
2023-11-16,2023,17.01875,3290.074,3310.771,1916.237,380.4933,3.584025,0.012022,2300.326347,21.81315,21.94237,2871.59,1295.56,1312.704,386.736,3991.823
2023-11-17,2023,17.75972,3454.083,3474.126,1937.794,380.6033,3.79813,0.014214,2322.209644,21.77009,21.88416,2871.59,1274.147,1318.236,457.2322,4005.33
2023-11-18,2023,17.57187,2808.815,2836.39,1810.306,382.0545,3.808092,0.01495,2196.1835420000007,21.80467,21.93122,2871.59,1298.859,1314.478,481.312,3948.451
2023-11-19,2023,17.43299,2522.81,2523.128,1808.244,373.6584,3.181153,0.039087,2185.12264,20.19294,20.64969,273.4755,0.0,0.0,1257.298,1725.728
2023-11-20,2023,16.94375,2371.048,2386.142,1710.57,373.6584,3.236359,0.087069,2087.551828,20.00764,20.23549,273.4755,0.0,0.0,2816.802,1959.101
2023-11-21,2023,17.83819,2832.017,2844.415,1826.945,373.8706,3.733709,0.039359,2204.588668,21.26214,21.18171,2871.59,1292.714,1364.93,1276.998,4099.059
2023-11-22,2023,17.53403,3079.271,3096.335,1948.408,375.3249,3.373915,0.021471,2327.128286,21.51273,21.56107,2871.59,1270.684,1338.684,691.7026,4050.189
2023-11-23,2023,17.44167,2687.584,2707.813,1884.407,378.4945,3.042369,0.014855,2265.9587239999996,21.69561,21.78712,2871.59,1279.789,1323.318,477.9871,3978.555
2023-11-24,2023,18.08611,3264.963,3279.615,2128.85,381.173,3.575595,0.011354,2513.609949,21.79527,21.91096,2871.59,1273.846,1316.057,365.2317,4103.881
2023-11-25,2023,19.09792,4497.627,4524.482,2774.681,384.4331,4.828046,0.007384,3163.9495300000003,21.92358,22.06342,2871.59,1269.865,1304.328,237.5282,4471.622
2023-11-26,2023,17.53056,2550.719,2565.27,1721.182,373.6584,2.971842,0.032665,2097.844907,20.23015,20.71959,273.4755,0.0,0.0,1050.711,1634.09
2023-11-27,2023,17.3375,2625.739,2639.08,1778.785,373.6584,3.23965,0.077705,2155.7607550000002,20.02503,20.28297,273.4755,0.0,0.0,2509.154,1942.733
2023-11-28,2023,17.62639,3777.578,3801.053,2171.18,373.8501,4.261371,0.035675,2549.327146,21.26715,21.19776,2871.59,1290.149,1363.526,1155.415,4283.612
2023-11-29,2023,16.68889,2573.893,2589.992,1876.068,374.6113,2.852773,0.020628,2253.552701,21.46623,21.51799,2871.59,1321.749,1340.502,664.321,4031.413
2023-11-30,2023,18.05972,3336.751,3355.638,2262.009,375.5288,3.637986,0.019937,2641.1957230000003,21.50226,21.54869,2871.59,1281.559,1339.892,641.6322,4237.713
2023-12-01,2023,17.4316,2928.306,2947.446,1921.61,377.3382,3.233968,0.018578,2302.200746,21.63387,21.71214,2871.59,1281.442,1327.471,598.7663,4024.172
2023-12-02,2023,21.17882,4785.248,4811.833,2716.591,387.0151,5.878157,0.003854,3109.488111,21.995,22.13027,2871.59,1342.689,1297.466,123.9666,4461.449
2023-12-03,2023,17.42361,2556.914,2571.336,1888.022,373.6584,2.930239,0.038453,2264.6490919999997,20.21505,20.68928,273.4755,0.0,0.0,1236.922,1770.099
2023-12-04,2023,17.54861,2749.837,2762.328,2266.646,373.6584,3.494258,0.087324,2643.8859820000002,20.00071,20.19988,273.4755,0.0,0.0,2822.806,2297.365
2023-12-05,2023,16.32222,1983.843,1994.769,1605.437,373.7655,2.4147,0.049995,1981.667195,21.07716,20.93972,2871.59,1328.615,1382.596,1623.562,4050.726
2023-12-06,2023,15.44028,1633.172,1647.902,1349.575,374.0569,1.939502,0.037624,1725.609026,21.17889,21.1285,2871.59,1396.03,1367.957,1213.181,3859.437
2023-12-07,2023,14.47639,939.5273,956.8207,786.5711,374.1805,1.733845,0.04774,1162.533185,21.12059,21.05693,2871.59,1305.452,1377.44,1543.868,3525.348
2023-12-08,2023,14.62882,1455.016,1462.901,1187.994,374.3496,2.730535,0.061045,1565.1351799999998,21.17625,21.11223,2871.59,1289.503,1372.383,1988.645,3843.081
2023-12-09,2023,14.97257,1324.773,1326.883,1090.787,374.4248,2.057938,0.045366,1467.315104,21.187,21.1416,2871.59,1355.943,1370.306,1465.604,3725.963
2023-12-10,2023,16.06701,1803.269,1810.824,1488.413,373.6584,3.49154,0.103083,1865.666023,20.02006,20.18724,273.4755,0.0,0.0,3342.698,1923.275
2023-12-11,2023,16.85556,2141.671,2152.031,1769.114,373.6584,3.841674,0.116006,2146.73008,20.00001,20.02183,273.4755,0.0,0.0,3768.628,2173.487
2023-12-12,2023,15.90903,1693.24,1705.194,1387.778,373.7217,3.004159,0.051044,1764.5549030000002,21.02515,20.85951,2871.59,1299.967,1388.511,1656.111,3907.9
2023-12-13,2023,15.05625,1369.935,1362.189,1119.811,373.8814,2.142793,0.058719,1495.893912,20.99273,20.90896,2871.59,1332.591,1390.922,1903.114,3811.191
2023-12-14,2023,15.09618,1217.703,1244.906,1023.397,374.0032,2.127112,0.064216,1399.591528,20.98622,20.92899,2871.59,1290.111,1391.359,2082.504,3760.734
2023-12-15,2023,14.78194,1152.196,1143.641,940.1496,374.1746,2.136421,0.061339,1316.52196,21.06926,20.96181,2871.59,1344.163,1381.232,1990.493,3725.892
2023-12-16,2023,14.19444,1165.539,1174.299,965.353,374.1976,2.234394,0.071531,1341.8565250000001,21.02045,20.90842,2871.59,1280.98,1390.729,2328.618,3766.375
2023-12-17,2023,15.96597,1851.862,1863.527,1436.069,373.6584,3.091303,0.114508,1812.9332109999998,20.01145,20.12271,273.4755,0.0,0.0,3721.628,1962.391
2023-12-18,2023,16.77847,2102.917,2111.31,1696.32,373.6584,3.61344,0.115304,2073.707144,20.00242,20.0258,273.4755,0.0,0.0,3746.173,2125.024
2023-12-19,2023,16.77778,2155.14,2166.971,1775.16,373.7101,3.25841,0.04813,2152.17664,21.03627,20.88412,2871.59,1297.708,1387.5,1561.69,4123.721
2023-12-20,2023,16.91319,2240.563,2251.1,1839.229,374.0472,3.117941,0.033269,2216.4274100000002,21.2429,21.21157,2871.59,1290.729,1363.573,1073.775,4066.914
2023-12-21,2023,16.95417,2275.809,2288.384,1785.913,374.4252,2.856329,0.029307,2163.223836,21.31666,21.31003,2871.59,1306.089,1356.44,944.3834,4019.712
2023-12-22,2023,15.82778,1769.835,1780.719,1360.801,374.774,2.359303,0.031736,1737.9660389999997,21.3613,21.37264,2871.59,1321.761,1352.526,1022.684,3786.189
2023-12-23,2023,14.18785,1230.648,1234.723,1012.313,374.6901,1.905145,0.052652,1388.960897,21.24279,21.24242,2871.59,1331.841,1365.906,1703.501,3708.495
2023-12-24,2023,13.62674,733.1626,747.215,614.2612,373.6584,2.116999,0.132449,990.1690479999999,20.02312,20.13245,273.4755,0.0,0.0,4318.056,1575.662
2023-12-25,2023,13.14861,786.8049,778.6017,639.951,373.6584,2.604688,0.194019,1016.4081070000001,19.99838,19.82457,273.4755,0.0,0.0,6405.012,1982.993
2023-12-26,2023,13.73507,1060.257,1075.24,883.9195,373.6644,2.661076,0.103308,1260.3482840000001,20.75254,20.46304,2871.59,1291.03,1421.635,3425.593,3928.82
2023-12-27,2023,14.34688,1274.778,1277.398,1028.355,373.8164,2.337188,0.076824,1404.585412,20.9441,20.77215,2871.59,1331.261,1398.702,2505.961,3868.121
2023-12-28,2023,15.06597,1828.445,1839.638,1228.894,374.0314,2.959406,0.065273,1605.950079,21.1004,21.00396,2871.59,1280.944,1381.122,2125.173,3888.236
2023-12-29,2023,13.87604,1475.692,1480.553,1112.776,374.2794,2.685232,0.073206,1489.8138380000003,21.17973,21.13593,2871.59,1284.923,1373.161,2394.17,3870.721
2023-12-30,2023,14.68681,1390.6,1400.127,1144.702,374.5018,2.148691,0.049801,1521.402292,21.25591,21.23259,2871.59,1311.548,1363.736,1614.224,3759.712
2023-12-31,2023,14.19722,1283.701,1271.463,1027.119,373.6584,2.491762,0.129547,1403.398709,20.02831,20.16585,273.4755,0.0,0.0,4227.275,1809.053
2024-01-01,2024,13.41979,1479.632,1495.77,1224.908,373.6584,3.550398,0.190644,1602.307442,19.99834,19.90325,273.4755,0.0,0.0,6312.962,2320.782
2024-01-02,2024,14.51181,1571.881,1586.559,1294.563,373.6783,2.766947,0.089286,1671.097533,20.88783,20.66298,2871.59,1309.427,1405.297,2941.22,4098.033
2024-01-03,2024,15.88403,1690.741,1697.002,1381.165,373.9299,2.240823,0.044108,1757.3798310000002,21.13295,21.04303,2871.59,1289.508,1375.994,1428.05,3854.44
2024-01-04,2024,14.25521,1523.371,1525.526,1149.456,374.1138,2.310075,0.070342,1525.950217,21.12161,21.05913,2871.59,1315.152,1378.277,2300.336,3893.339
2024-01-05,2024,14.22118,1166.279,1171.958,959.5806,374.1848,1.633774,0.060405,1335.4595789999998,21.1001,21.02484,2871.59,1308.258,1380.763,1961.651,3710.201
2024-01-06,2024,13.37708,1241.26,1249.161,989.7325,374.2144,2.116194,0.083821,1366.1469149999998,21.07101,20.98812,2871.59,1289.286,1385.056,2743.536,3863.95
2024-01-07,2024,17.5,2513.512,2532.344,1696.57,373.6584,3.587592,0.089768,2073.9057599999996,20.02206,20.21096,273.4755,0.0,0.0,2903.565,1967.104
2024-01-08,2024,15.54826,2117.257,2139.074,1434.088,373.6584,4.523388,0.134838,1812.404626,20.01045,20.07312,273.4755,0.0,0.0,4409.337,2091.057
2024-01-09,2024,16.78924,2344.681,2345.301,1857.815,373.7359,3.16454,0.045633,2234.7610730000006,21.11118,20.9933,2871.59,1307.818,1378.654,1478.701,4164.328
2024-01-10,2024,14.34931,1498.897,1506.315,1217.523,374.0036,2.167365,0.062427,1593.756392,21.17299,21.1289,2871.59,1310.272,1371.527,2034.379,3881.59
2024-01-11,2024,15.2625,1447.539,1458.323,1136.774,374.2427,1.903244,0.042623,1512.962567,21.2009,21.17323,2871.59,1274.94,1369.424,1377.351,3687.986
2024-01-12,2024,16.49306,2102.389,2107.455,1571.181,374.4897,2.463945,0.035926,1948.170571,21.26797,21.24554,2871.59,1268.25,1363.921,1159.645,3906.834
2024-01-13,2024,16.82778,2319.004,2349.419,1899.847,375.1685,3.041877,0.029342,2278.086719,21.43711,21.47265,2871.59,1261.326,1344.819,946.0876,4062.512
2024-01-14,2024,12.64931,1177.321,1186.3,975.2189,373.6584,3.198918,0.144254,1352.220472,20.04618,20.2633,273.4755,0.0,0.0,4732.158,1872.734
2024-01-15,2024,14.76181,1065.466,1064.417,875.0223,373.6584,2.554398,0.148845,1251.3839429999998,19.99991,19.92831,273.4755,0.0,0.0,4864.878,1836.52
2024-01-16,2024,15.73368,1584.82,1586.24,1303.996,373.6768,2.531776,0.070884,1680.27546,20.85236,20.62525,2871.59,1268.934,1408.366,2310.658,3960.788
2024-01-17,2024,15.45938,1716.318,1733.403,1424.974,373.9017,2.906647,0.06105,1801.843397,21.07674,20.95949,2871.59,1281.659,1381.975,1984.746,3981.041
2024-01-18,2024,12.67431,932.9028,933.5272,767.4223,374.0285,2.071319,0.086731,1143.60885,21.03963,20.96001,2871.59,1281.498,1387.563,2839.115,3742.3
2024-01-19,2024,12.64236,776.4827,786.9538,646.9291,374.0897,2.010707,0.085377,1023.114884,21.02401,20.93619,2871.59,1264.414,1389.771,2788.792,3649.489
2024-01-20,2024,13.59306,1086.967,1089.637,895.7548,374.1156,2.086227,0.080828,1272.0374550000001,21.00513,20.89901,2871.59,1308.913,1391.163,2638.262,3799.069
2024-01-21,2024,16.49722,1943.095,1953.42,1605.843,373.6584,3.656279,0.112123,1983.2698020000003,20.00937,20.10378,273.4755,0.0,0.0,3640.264,2050.354
2024-01-22,2024,16.7993,2110.974,2127.119,1748.635,373.6584,3.945167,0.131951,2126.3705179999997,20.00016,19.96773,273.4755,0.0,0.0,4299.148,2260.654
2024-01-23,2024,15.15139,1239.768,1230.57,1011.611,373.6854,2.631243,0.066884,1387.994527,20.87845,20.68846,2871.59,1298.568,1404.557,2176.215,3776.408
2024-01-24,2024,15.70278,1553.497,1566.654,1287.895,373.8532,2.512535,0.05758,1664.318315,20.99231,20.87605,2871.59,1280.221,1391.658,1868.148,3874.961
2024-01-25,2024,14.19375,1019.297,1031.777,848.1902,374.0876,1.922298,0.055393,1224.2554910000001,21.10842,21.03576,2871.59,1284.407,1378.461,1794.981,3597.097
2024-01-26,2024,13.34792,1112.798,1112.499,914.5491,374.1457,2.272392,0.080943,1291.048135,21.03828,20.96172,2871.59,1253.931,1388.19,2647.73,3779.046
2024-01-27,2024,12.77431,633.0084,635.5458,522.4615,374.1568,1.442352,0.07959,898.1402420000001,21.01456,20.91569,2871.59,1284.922,1389.746,2593.049,3549.468
2024-01-28,2024,13.05417,795.2127,798.4817,656.4058,373.6584,2.400302,0.167044,1032.631546,20.00688,20.00286,273.4755,0.0,0.0,5483.321,1819.952
2024-01-29,2024,13.83194,731.2445,719.6839,591.6287,373.6584,2.105073,0.165816,967.5579889999999,20.00001,19.85197,273.4755,0.0,0.0,5439.211,1772.244
2024-01-30,2024,13.47569,977.576,997.7671,820.2318,373.6592,2.516634,0.108788,1196.5164220000001,20.72715,20.45762,2871.59,1336.515,1422.498,3586.776,3947.933
2024-01-31,2024,14.10382,697.3933,709.8253,583.5242,373.7986,1.409087,0.068717,958.8006039999999,20.90261,20.73133,2871.59,1238.389,1402.501,2235.217,3490.915
2024-02-01,2024,13.29583,382.4506,381.7019,313.7847,373.8105,1.41252,0.099233,689.106953,20.72559,20.63896,2871.59,1252.088,1424.099,3232.538,3522.84
2024-02-02,2024,13.63368,427.4797,416.0844,342.0494,373.8385,1.480884,0.098483,717.4672669999999,20.70695,20.53928,2871.59,1247.802,1427.041,3214.163,3533.983
2024-02-03,2024,14.16285,765.1568,782.667,643.405,374.0063,1.663123,0.070707,1019.14513,20.91201,20.73335,2871.59,1234.523,1401.446,2299.842,3537.262
2024-02-04,2024,13.82361,813.0043,811.6245,667.2101,373.6584,2.208667,0.146735,1043.2239020000002,20.00497,20.00723,273.4755,0.0,0.0,4798.536,1697.932
2024-02-05,2024,14.19514,1061.695,1062.58,873.512,373.6584,2.670441,0.173492,1250.0143329999999,19.99948,19.83481,273.4755,0.0,0.0,5700.877,1992.49
2024-02-06,2024,14.30417,1174.078,1181.162,970.9952,373.6611,2.035773,0.091596,1346.783669,20.7532,20.48919,2871.59,1239.84,1420.857,3001.837,3870.699
2024-02-07,2024,15.99722,1719.1,1730.425,1422.526,373.8381,2.554977,0.05551,1798.974587,21.0056,20.88133,2871.59,1213.609,1390.525,1801.929,3903.776
2024-02-08,2024,14.73021,1200.914,1208.793,991.4801,374.0663,2.105882,0.05136,1367.703642,21.1095,21.04671,2871.59,1228.344,1379.324,1665.903,3625.842
2024-02-09,2024,13.92674,997.6764,1005.334,826.4523,374.2607,1.860631,0.057766,1202.6313969999999,21.1454,21.09692,2871.59,1239.898,1375.581,1874.36,3571.908
2024-02-10,2024,12.32049,696.8167,699.1381,574.7386,374.2632,1.796845,0.083206,950.881851,21.08299,21.02508,2871.59,1273.267,1382.885,2719.415,3598.068
2024-02-11,2024,13.02049,847.6667,843.1307,693.1103,373.6584,2.422654,0.164468,1069.355822,20.01176,20.0395,273.4755,0.0,0.0,5396.313,1825.887
2024-02-12,2024,14.89826,1061.517,1068.389,878.2877,373.6584,2.463666,0.159015,1254.568781,19.99988,19.83918,273.4755,0.0,0.0,5207.384,1902.691
2024-02-13,2024,15.08438,1200.168,1209.907,994.6251,373.6663,2.064072,0.077145,1370.432617,20.77076,20.50977,2871.59,1241.626,1418.262,2516.623,3795.105
2024-02-14,2024,13.11701,983.4289,999.1069,817.7825,373.8122,2.175895,0.096586,1193.867181,20.86916,20.70521,2871.59,1239.799,1407.365,3174.474,3810.386
2024-02-15,2024,11.79028,240.4198,240.0238,197.3158,373.909,1.216702,0.097205,572.538707,20.86385,20.73328,2871.59,1228.541,1407.632,3182.771,3428.595
2024-02-16,2024,13.68403,804.0876,802.3825,659.6125,373.9602,1.807129,0.086372,1035.466201,20.87926,20.70103,2871.59,1246.409,1404.187,2824.625,3652.784
2024-02-17,2024,13.22431,301.6927,303.8704,249.8019,374.0028,1.054585,0.081276,624.9405609999999,20.87958,20.71386,2871.59,1304.395,1403.766,2646.425,3405.721
2024-02-18,2024,12.53264,311.1864,318.1633,261.5517,373.6584,2.155036,0.193721,637.558857,20.00123,19.87243,273.4755,0.0,0.0,6388.666,1750.344
2024-02-19,2024,12.73403,581.5839,579.4423,476.3406,373.6584,2.68615,0.216132,852.901282,19.99681,19.70437,273.4755,0.0,0.0,7167.515,2026.923
2024-02-20,2024,14.51597,1702.736,1712.958,1274.272,373.6584,3.135632,0.115541,1651.1815729999998,20.69878,20.3842,2871.59,1254.964,1428.387,3823.536,4218.447
2024-02-21,2024,14.32153,996.0941,998.4091,820.7596,373.8122,1.936651,0.068992,1196.577443,20.90419,20.77452,2871.59,1254.896,1402.617,2243.197,3646.507
2024-02-22,2024,12.62292,305.3465,314.6598,258.6716,373.8827,1.233056,0.091293,633.878649,20.84686,20.73938,2871.59,1237.197,1405.966,2973.505,3431.764
2024-02-23,2024,10.92813,1.223867,1.201275,0.98753,373.8487,1.263872,0.143207,376.243309,20.68242,20.45176,2871.59,1287.907,1426.598,4709.938,3632.052
2024-02-24,2024,12.0125,289.2429,272.0998,223.6844,373.8643,1.421521,0.127253,599.097474,20.70098,20.42432,2871.59,1229.626,1426.568,4193.588,3634.936
2024-02-25,2024,10.03021,0.786783,1.13184,0.930449,373.6584,2.717617,0.257494,377.56396,19.99019,19.73221,273.4755,0.0,0.0,8603.984,2008.293
2024-02-26,2024,13.83021,1092.49,1101.946,901.9349,373.6584,3.675702,0.236787,1279.505789,19.99293,19.57927,273.4755,0.0,0.0,7885.709,2420.149
2024-02-27,2024,15.59757,1570.832,1583.792,1299.391,373.6584,2.434372,0.084072,1675.5678440000002,20.74169,20.41836,2871.59,1228.508,1422.752,2755.366,4016.847
2024-02-28,2024,15.74583,1615.733,1614.328,1325.412,373.8087,2.208087,0.057733,1701.4865200000002,20.96385,20.80534,2871.59,1279.177,1394.587,1873.212,3897.802
2024-03-01,2024,15.56667,1487.553,1500.989,1233.914,374.0325,2.068979,0.044087,1610.059566,21.09574,21.01059,2871.59,1232.645,1379.112,1425.118,3730.155
2024-03-02,2024,15.91875,2532.778,2542.479,1605.858,374.19,2.993606,0.044033,1983.085639,21.13158,21.05156,2871.59,1332.504,1376.702,1422.342,4016.202
2024-03-03,2024,16.20799,2095.577,2123.576,1681.477,374.5118,2.61972,0.036106,2058.6446260000002,21.22705,21.21297,2871.59,1212.354,1364.381,1164.814,3940.878
2024-03-04,2024,16.51146,1955.306,1953.779,1600.596,373.6584,3.092901,0.096058,1977.443359,20.02556,20.2258,273.4755,0.0,0.0,3111.108,1947.575
2024-03-05,2024,13.50174,408.1495,426.5619,350.6626,373.6584,1.747786,0.152728,726.221514,20.00018,19.93667,273.4755,0.0,0.0,4996.562,1542.971
2024-03-06,2024,12.79757,423.634,421.7987,346.7469,373.663,1.573845,0.108723,722.092468,20.68896,20.3854,2871.59,1224.702,1427.583,3573.827,3590.245
2024-03-07,2024,14.83333,1487.718,1480.533,1200.015,373.7745,2.34965,0.09297,1576.2321200000001,20.8028,20.56974,2871.59,1265.531,1414.599,3044.267,4033.271
2024-03-08,2024,16.5441,2540.146,2553.441,1994.748,373.9952,3.031477,0.049782,2371.824459,21.07245,20.93851,2871.59,1322.567,1382.867,1613.369,4281.584
2024-03-09,2024,15.59826,1532.804,1552.42,1276.194,374.2033,2.29066,0.047816,1652.735776,21.07481,21.06515,2871.59,1182.271,1384.863,1546.045,3748.171
2024-03-10,2024,15.70521,1562.421,1570.106,1290.733,374.3874,2.878394,0.052097,1668.050891,21.08243,21.0868,2871.59,1186.263,1384.685,1687.656,3786.431
2024-03-11,2024,15.45521,1391.083,1404.014,1148.344,373.6584,2.897174,0.109033,1525.008607,20.01818,20.19037,273.4755,0.0,0.0,3539.256,1753.703
2024-03-12,2024,14.74097,987.9654,991.7708,815.3024,373.6584,2.65024,0.144724,1191.755764,19.99998,19.96219,273.4755,0.0,0.0,4726.581,1774.447
2024-03-13,2024,13.30903,978.7512,986.5997,811.0515,373.6879,1.954052,0.098296,1186.7917479999999,20.81359,20.58355,2871.59,1181.202,1415.033,3241.472,3783.156
2024-03-14,2024,14.63368,1041.54,1043.827,858.0959,373.9025,2.052903,0.060246,1234.111549,20.98088,20.8831,2871.59,1167.226,1393.316,1957.9,3562.615
2024-03-15,2024,13.57743,926.0563,933.0896,767.0626,374.0737,2.021829,0.069544,1143.2276729999999,21.03285,20.9482,2871.59,1191.219,1388.317,2265.69,3579.808
2024-03-16,2024,13.17257,1111.312,1113.573,911.2336,374.2279,2.367533,0.084139,1287.913172,21.05465,20.97457,2871.59,1203.165,1385.426,2761.234,3767.671
2024-03-17,2024,13.56493,1333.859,1337.865,1078.704,374.3474,2.57279,0.082954,1455.7071439999997,21.07622,21.01284,2871.59,1171.566,1383.594,2721.311,3842.717
2024-03-18,2024,14.55417,1105.88,1107.722,910.6221,373.6584,2.130323,0.111164,1286.521987,20.01616,20.17897,273.4755,0.0,0.0,3610.724,1622.585
2024-03-19,2024,15.1559,2036.714,2049.452,1472.754,373.6584,3.528719,0.161974,1850.103093,19.99932,19.95811,273.4755,0.0,0.0,5327.605,2286.133
2024-03-20,2024,16.84896,2186.756,2200.475,1807.448,373.7245,3.420205,0.051755,2184.64446,20.98393,20.83143,2871.59,1178.381,1393.862,1680.642,4093.395
2024-03-21,2024,16.01389,1732.561,1725.365,1418.366,374.0398,2.57385,0.043005,1795.022655,21.13762,21.13014,2871.59,1138.293,1373.974,1389.331,3778.353
2024-03-22,2024,14.25903,761.2222,766.3549,629.9953,374.2347,1.086292,0.049654,1005.365946,21.09837,21.07957,2871.59,1197.266,1378.21,1603.955,3375.813
2024-03-23,2024,14.24514,866.1761,895.5928,735.9393,374.2993,1.603663,0.056989,1111.8992520000002,21.05618,20.99658,2871.59,1150.408,1385.966,1847.887,3457.729
2024-03-24,2024,13.12361,1053.527,1049.635,862.8703,374.4136,2.220165,0.081929,1239.5859939999998,21.08498,21.01949,2871.59,1191.055,1381.874,2688.516,3717.407
2024-03-25,2024,16.41319,2131.106,2135.656,1562.249,373.6584,3.359387,0.105039,1939.371826,20.01695,20.20252,273.4755,0.0,0.0,3409.46,1980.462
2024-03-26,2024,15.775,1687.101,1702.206,1399.328,373.6584,2.767248,0.12463,1775.8782780000001,20.00005,20.06236,273.4755,0.0,0.0,4057.384,2002.91
2024-03-27,2024,15.78681,1603.607,1605.876,1320.138,373.7254,2.365715,0.055779,1696.284894,20.96458,20.82335,2871.59,1135.883,1395.821,1813.386,3796.593
2024-03-28,2024,14.9434,1606.505,1615.497,1325.851,374.0012,2.190963,0.060055,1702.103218,21.09237,21.02838,2871.59,1174.281,1380.814,1957.633,3850.442
2024-03-29,2024,18.63437,3594.746,3616.528,2031.51,374.7336,5.459298,0.043874,2411.746772,21.33997,21.31938,2871.59,1204.759,1359.354,1427.882,4199.596
2024-03-30,2024,16.76528,2201.824,2222.512,1827.055,376.8957,3.661635,0.01414,2207.626475,21.59835,21.73657,2871.59,1148.914,1329.761,454.8312,3859.552
2024-03-31,2024,15.98681,1768.714,1779.277,1462.686,376.9045,2.929591,0.017529,1842.5376199999998,21.57213,21.67295,2871.59,1138.61,1333.709,563.8293,3652.507
2024-04-01,2024,16.77847,2103.127,2103.094,1727.008,373.6584,3.094508,0.065889,2103.826797,20.07604,20.43901,273.4755,0.0,0.0,2123.566,1838.94
2024-04-02,2024,16.95278,2197.456,2207.113,1814.395,373.6584,3.417877,0.098873,2191.5701499999996,19.99998,20.15655,273.4755,0.0,0.0,3202.421,2094.463
2024-04-03,2024,17.58889,2611.887,2628.781,2140.785,373.8309,3.575946,0.037698,2518.229544,21.2005,21.11903,2871.59,1161.675,1368.948,1221.8,4199.363
2024-04-04,2024,15.63333,1597.189,1605.069,1319.475,374.336,2.291463,0.02622,1696.128683,21.32911,21.36349,2871.59,1179.109,1354.387,844.0364,3640.882
2024-04-05,2024,16.06389,1892.56,1901.65,1547.175,374.9828,2.564567,0.02862,1924.750987,21.39906,21.43693,2871.59,1130.415,1349.302,923.6635,3764.854
2024-04-06,2024,14.86319,1476.091,1486.592,1221.306,375.3268,2.199675,0.036936,1598.8694110000001,21.38958,21.45416,2871.59,1125.932,1350.531,1197.524,3616.018
2024-04-07,2024,15.68194,2055.97,2056.642,1553.937,375.6442,2.796315,0.04333,1932.4208449999999,21.4199,21.46145,2871.59,1141.516,1348.515,1411.036,3867.639
2024-04-08,2024,17.68611,2833.515,2860.007,1872.837,373.6584,3.731276,0.063981,2250.2906569999996,20.06143,20.43098,273.4755,0.0,0.0,2065.184,1916.747
2024-04-09,2024,17.75486,2642.19,2649.509,2148.015,373.6584,3.797697,0.075371,2525.5464679999995,20.0001,20.26482,273.4755,0.0,0.0,2431.521,2152.262
2024-04-10,2024,17.55,2788.909,2804.357,1898.854,373.8672,3.361445,0.037319,2276.119964,21.26679,21.21083,2871.59,1167.182,1364.408,1209.817,4053.734
2024-04-11,2024,18.83681,4002.981,4018.989,2104.427,376.5932,4.554836,0.018635,2485.5936709999996,21.61601,21.69028,2871.59,1166.147,1330.062,601.1704,4065.89
2024-04-12,2024,21.41945,5841.594,5874.083,2857.523,387.0301,6.725574,0.003555,3251.282229,22.04846,22.2058,2871.59,1141.269,1296.396,114.3485,4423.513
2024-04-13,2024,20.82292,5472.35,5502.726,2824.492,406.5547,6.210217,0.000222,3237.2571390000003,22.45325,22.70771,2871.59,1182.166,1268.116,7.15052,4419.691
2024-04-14,2024,18.78958,3685.619,3709.521,2549.993,407.5964,4.590017,0.000477,2962.179894,22.46326,22.7446,2871.59,1150.521,1269.262,15.34983,4235.355
2024-04-15,2024,17.96458,2856.039,2868.072,2033.175,373.6584,3.312952,0.009075,2410.155427,20.47273,21.0855,273.4755,0.0,0.0,291.8959,1681.026
2024-04-16,2024,19.93819,5219.334,5249.445,2602.367,373.6584,6.010456,0.041556,2982.077412,20.01302,20.42747,273.4755,0.0,0.0,1337.059,2223.642
2024-04-17,2024,20.07431,5073.888,5102.779,3001.163,375.2778,5.62192,0.017303,3382.080023,21.60277,21.64849,2871.59,1180.758,1326.104,556.8457,4609.701
2024-04-18,2024,19.40764,3743.181,3772.394,2522.614,382.5967,5.321415,0.003876,2910.535991,21.90911,22.06236,2871.59,1129.957,1304.391,124.6834,4212.104
2024-04-19,2024,19.11354,3733.525,3749.658,2153.843,388.8265,4.602847,0.007069,2547.279416,22.06888,22.25279,2871.59,1176.876,1295.13,227.4459,4039.678
2024-04-20,2024,19.29792,3847.945,3867.686,2251.962,396.9983,5.089303,0.00257,2654.052173,22.24647,22.45857,2871.59,1248.469,1280.875,82.67127,4120.613
2024-04-21,2024,17.68924,2943.467,2960.401,2188.278,395.7031,3.464872,0.001948,2587.44792,22.22646,22.46935,2871.59,1138.86,1285.672,62.67087,4010.077
2024-04-22,2024,17.61493,2578.247,2596.083,2077.136,373.6584,3.437134,0.024206,2454.2557399999996,20.2887,20.85025,273.4755,0.0,0.0,778.6078,1799.039
2024-04-23,2024,18.68507,3156.227,3171.072,2326.162,373.6584,4.520912,0.06005,2704.4013619999996,20.00198,20.34311,273.4755,0.0,0.0,1934.064,2167.345
2024-04-24,2024,18.9243,4395.475,4410.04,2628.031,374.1263,5.154257,0.026269,3007.337826,21.43094,21.43756,2871.59,1215.62,1340.76,847.9815,4458.339
2024-04-25,2024,18.53333,4542.703,4568.113,2986.388,376.1796,4.887456,0.014756,3367.469812,21.59843,21.70347,2871.59,1153.211,1329.127,474.6512,4568.737
2024-04-26,2024,19.41736,5207.07,5236.997,2840.458,381.1598,5.75332,0.008807,3227.379927,21.81598,21.93635,2871.59,1172.653,1311.86,283.2897,4459.733
2024-04-27,2024,19.73195,5720.603,5754.573,2634.399,387.1946,6.369338,0.005158,3027.9680959999996,22.02235,22.19232,2871.59,1112.229,1300.02,165.9026,4280.256
2024-04-28,2024,24.26528,7393.571,7433.957,3531.009,412.9509,8.712711,0.000351,3952.672962,22.59023,22.83828,2871.59,1172.725,1264.023,11.29526,4848.289
2024-04-29,2024,27.02535,9341.464,9396.169,3833.899,374.8828,11.17852,0.0,4219.96032,21.67063,22.31693,273.4755,0.0,0.0,0.0,2723.02
2024-04-30,2024,21.99201,7711.637,7750.706,3489.791,373.6584,8.533244,0.0,3871.982644,21.41136,22.08642,273.4755,0.0,0.0,0.0,2512.145
2024-05-01,2024,20.96319,5806.745,5839.133,3263.619,391.5142,6.345315,0.000138,3661.478653,22.25398,22.48271,2871.59,1155.819,1276.737,4.437182,4660.293
2024-05-02,2024,19.12535,3803.159,3828.236,2729.026,400.0259,4.163668,0.000297,3133.215865,22.40473,22.669,2871.59,1102.693,1272.072,9.563331,4308.934
2024-05-03,2024,17.55729,2965.736,2985.296,2005.141,393.5464,3.45235,0.003955,2402.1437050000004,22.18996,22.43249,2871.59,1105.973,1287.866,127.233,3889.962
2024-05-04,2024,18.13715,3113.839,3131.469,2353.608,389.1221,3.647793,0.005072,2746.3829650000002,22.05051,22.26526,2871.59,1092.949,1297.912,163.1339,4097.413
2024-05-05,2024,18.53993,3465.851,3479.82,2485.393,388.2516,3.804115,0.005399,2877.454114,22.02948,22.23275,2871.59,1088.59,1299.58,173.6604,4176.174
2024-05-06,2024,19.26181,3924.514,3945.199,2672.492,373.6584,4.201978,0.013478,3050.365856,20.26757,20.83356,273.4755,0.0,0.0,433.5441,2095.562
2024-05-07,2024,20.17951,5039.31,5068.612,2945.945,373.6584,5.619565,0.042902,3325.265867,20.00446,20.39688,273.4755,0.0,0.0,1380.172,2439.7
2024-05-08,2024,20.76076,5313.141,5344.327,3017.669,375.2183,5.88081,0.015243,3398.783353,21.66327,21.71007,2871.59,1099.813,1330.2,490.626,4558.351
2024-05-09,2024,20.825,6429.406,6466.109,3387.245,389.3716,7.000449,0.000266,3783.617315,22.18713,22.38463,2871.59,1101.687,1284.332,8.560001,4702.279
2024-05-10,2024,19.91042,6079.303,6115.349,3298.398,395.4743,6.597575,0.000538,3700.4704129999996,22.28905,22.51835,2871.59,1092.47,1280.395,17.31226,4647.948
2024-05-11,2024,20.97639,8375.634,8422.75,3514.384,398.8874,9.532134,0.001031,3922.804565,22.34662,22.57312,2871.59,1105.71,1281.148,33.16866,4793.68
2024-05-12,2024,21.93715,7995.887,8039.121,3406.515,418.2746,9.122048,0.000111,3833.911759,22.64135,22.9293,2871.59,1115.249,1260.596,3.554929,4740.038
2024-05-13,2024,21.62951,7348.951,7392.123,3434.973,373.6584,8.155771,2e-06,3816.787173,21.16632,21.82565,273.4755,0.0,0.0,0.063143,2478.708
2024-05-14,2024,23.27222,9728.733,9782.784,3759.563,373.6584,11.09811,7.3e-05,4144.319583,20.49151,21.08402,273.4755,0.0,0.0,2.335366,2677.62
2024-05-15,2024,26.25556,11645.44,12117.55,4197.231,407.7887,14.20801,0.000149,4619.2278590000005,22.4036,22.58661,2871.59,1154.151,1270.285,4.792001,5239.745
2024-05-16,2024,30.13785,16357.05,17414.82,5188.967,581.4499,25.12979,0.0,5795.546689999999,23.24577,23.68822,2871.59,1079.675,1235.383,0.0,5906.563
2024-05-17,2024,24.99618,14567.48,14641.04,4293.126,685.0931,18.48463,0.0,4996.70373,23.59409,24.26665,2871.59,1082.54,1228.508,0.0,5424.2
2024-05-18,2024,22.79722,11397.86,11459.22,3856.365,534.8176,13.65773,0.0,4404.84033,23.38881,23.95055,2871.59,1087.285,1231.719,0.0,5068.407
2024-05-19,2024,23.12639,10830.77,10889.75,3870.972,490.182,12.88944,0.0,4374.04344,23.23075,23.71258,2871.59,1077.39,1237.679,0.0,5043.748
2024-05-20,2024,29.75382,11185.33,11278.24,4139.056,391.9502,13.19472,0.0,4544.20092,22.41591,23.11259,273.4755,0.0,0.0,0.0,2919.509
2024-05-21,2024,23.77813,8822.933,8867.844,3614.662,374.2476,9.953844,0.0,3998.863444,22.27675,23.01015,273.4755,0.0,0.0,0.0,2589.035
2024-05-22,2024,21.8059,8927.027,8978.41,3605.469,439.5769,10.1971,0.0,4055.243,22.91539,23.2878,2871.59,1101.602,1243.758,0.0,4865.227
2024-05-23,2024,21.66354,8746.532,8792.73,3587.034,443.785,9.914412,0.0,4040.733412,22.94489,23.3242,2871.59,1083.156,1246.268,0.0,4845.256
2024-05-24,2024,21.8066,7488.654,7530.564,3469.197,450.6131,8.375767,0.0,3928.185867,22.96166,23.35071,2871.59,1104.68,1244.841,0.0,4790.095
2024-05-25,2024,21.40972,6684.406,6723.324,3072.206,446.3097,7.558293,8e-06,3526.074001,22.93041,23.31334,2871.59,1087.768,1247.827,0.259452,4536.216
2024-05-26,2024,25.08854,9988.574,10045.76,3886.674,470.9551,11.74594,0.0,4369.37504,23.06705,23.46304,2871.59,1078.199,1243.297,0.0,5041.409
2024-05-27,2024,22.2875,8169.201,8212.386,3524.089,373.6584,9.169492,0.0,3906.9168919999997,21.90069,22.61076,273.4755,0.0,0.0,0.0,2533.315
2024-05-28,2024,21.23056,7123.491,7163.893,3440.07,373.6584,7.821687,1e-06,3821.550088,20.76015,21.39702,273.4755,0.0,0.0,0.042918,2481.591
2024-05-29,2024,23.36389,8652.937,8702.201,3663.976,387.4267,9.825921,0.000766,4061.2293870000003,22.20136,22.37446,2871.59,1104.413,1286.935,24.63145,4875.178
2024-05-30,2024,23.90868,10801.94,10861.53,3843.762,443.3879,12.68052,0.0,4299.83042,22.90056,23.24339,2871.59,1076.256,1245.029,0.0,4998.087
2024-05-31,2024,22.93854,9965.039,10017.73,3708.454,458.3415,11.55726,0.0,4178.35276,23.03544,23.43931,2871.59,1084.648,1241.414,0.0,4929.557
2024-06-01,2024,24.3684,10386.17,10455.5,3917.24,473.4905,12.27915,0.0,4403.00965,23.0914,23.49883,2871.59,1109.313,1241.765,0.0,5080.646
2024-06-02,2024,28.44167,14043.11,14501.34,4631.977,586.2083,18.09987,0.0,5236.28517,23.38139,23.90233,2871.59,1156.479,1233.418,0.0,5614.193
2024-06-03,2024,23.22153,13091.87,13259.22,4065.968,374.3391,15.72457,0.0,4456.03167,22.57014,23.33071,273.4755,0.0,0.0,0.0,2866.079
2024-06-04,2024,21.7941,10183.99,10241.9,3746.397,373.6584,11.71959,0.0,4131.77499,21.32329,22.00057,273.4755,0.0,0.0,0.0,2669.579
2024-06-05,2024,22.87778,10817.91,10877.21,3800.613,403.0114,12.54964,0.0,4216.17404,22.48243,22.72946,2871.59,1071.651,1265.481,0.0,4944.601
2024-06-06,2024,23.13333,10577.47,10634.47,3802.449,435.6953,12.31479,0.0,4250.45909,22.85967,23.19812,2871.59,1085.603,1248.484,0.0,4973.832
2024-06-07,2024,23.32014,11064.21,11124.26,3863.733,454.3373,13.00339,0.0,4331.07369,23.0157,23.40353,2871.59,1076.311,1243.272,0.0,5017.054
2024-06-08,2024,23.40069,12243.49,12311.46,3985.35,473.2487,14.65651,0.0,4473.255209999999,23.10942,23.5408,2871.59,1082.332,1239.656,0.0,5106.864
2024-06-09,2024,24.06181,13842.87,13916.87,4177.327,486.0266,16.82118,0.0,4680.17478,23.18523,23.63602,2871.59,1087.032,1237.756,0.0,5235.106
2024-06-10,2024,24.85347,12375.15,12443.85,3999.614,373.6584,14.44055,0.0,4387.71295,21.98142,22.68143,273.4755,0.0,0.0,0.0,2824.677
2024-06-11,2024,25.84097,13297.63,13369.86,4134.361,373.6603,15.69026,0.0,4523.711560000001,21.47706,22.1335,273.4755,0.0,0.0,0.0,2907.093
2024-06-12,2024,25.96563,14684.45,14848.94,4353.206,456.8575,17.9932,0.0,4828.0567,22.93783,23.29277,2871.59,1080.917,1241.615,0.0,5321.016
2024-06-13,2024,24.68924,14551.83,14799.9,4391.134,507.3912,18.18483,0.0,4916.71003,23.26416,23.74262,2871.59,1103.536,1233.617,0.0,5388.447
2024-06-14,2024,24.61944,13416.83,13505.47,4217.747,538.8256,16.48016,0.0,4773.0527600000005,23.35532,23.88563,2871.59,1110.135,1232.177,0.0,5305.391
2024-06-15,2024,24.78889,13437.24,13511.25,4165.972,548.6493,16.44457,0.0,4731.065869999999,23.38624,23.93517,2871.59,1074.226,1231.613,0.0,5258.186
2024-06-16,2024,25.0625,16769.85,16950.21,4570.432,547.5796,21.22642,0.0,5139.23802,23.39733,23.95154,2871.59,1062.58,1231.759,0.0,5498.479
2024-06-17,2024,25.60764,15504.93,15603.96,4393.291,373.6597,18.78087,0.0,4785.73157,22.31774,23.0462,273.4755,0.0,0.0,0.0,3065.876
2024-06-18,2024,26.57222,14304.63,14380.32,4283.289,374.6182,17.22256,0.0,4675.12976,21.84054,22.51897,273.4755,0.0,0.0,0.0,2998.852
2024-06-19,2024,25.29583,14422.11,14498.59,4244.809,477.5379,17.64191,0.0,4739.988810000001,23.0955,23.50423,2871.59,1082.147,1236.182,0.0,5268.393
2024-06-20,2024,24.45139,11581.35,11640.14,3901.464,523.1057,13.86033,0.0,4438.43003,23.30667,23.81387,2871.59,1051.925,1232.252,0.0,5067.334
2024-06-21,2024,24.85174,12435.57,12506.22,4134.783,516.3933,15.1347,0.0,4666.311,23.31125,23.81123,2871.59,1085.376,1234.762,0.0,5225.701
2024-06-22,2024,24.35521,15031.83,15109.68,4297.007,559.8158,18.705,0.0,4875.5278,23.41283,23.98431,2871.59,1059.089,1230.83,0.0,5336.556
2024-06-23,2024,24.43333,13768.76,13842.69,4189.628,543.1149,16.94743,0.0,4749.690329999999,23.38752,23.93883,2871.59,1073.748,1232.185,0.0,5269.182
2024-06-24,2024,23.98819,11298.94,11360.47,3890.138,373.6584,13.1087,0.0,4276.9051,22.19951,22.9303,273.4755,0.0,0.0,0.0,2757.528
2024-06-25,2024,24.05278,12004.29,12070.33,3997.141,373.6584,14.04222,0.0,4384.84162,21.55955,22.23771,273.4755,0.0,0.0,0.0,2822.937
2024-06-26,2024,24.73819,12032.29,12096.5,3966.606,444.7859,14.25412,0.0,4425.64602,22.90074,23.25139,2871.59,1069.284,1243.162,0.0,5070.106
2024-06-27,2024,24.49097,13659.66,13734.08,4162.609,496.3406,16.62741,0.0,4675.57701,23.19123,23.64382,2871.59,1053.19,1235.284,0.0,5211.812
2024-06-28,2024,24.51667,13630.02,13700.1,4139.655,507.7634,16.60016,0.0,4664.0185599999995,23.2611,23.74898,2871.59,1066.223,1234.116,0.0,5212.705
2024-06-29,2024,25.38333,14803.14,14884.67,4336.521,533.4323,18.2792,0.0,4888.2325,23.32576,23.84428,2871.59,1111.563,1232.557,0.0,5376.055
2024-06-30,2024,25.30139,16316.28,16467.16,4511.954,559.584,20.56329,0.0,5092.10129,23.38096,23.9248,2871.59,1050.768,1231.769,0.0,5462.757
2024-07-01,2024,24.51458,9711.923,9765.075,3720.674,373.6584,11.01647,0.0,4105.34887,22.23376,22.96308,273.4755,0.0,0.0,0.0,2653.565
2024-07-02,2024,24.81319,12626.18,12696.42,4032.947,373.6584,14.81045,0.0,4421.41585,21.60065,22.28123,273.4755,0.0,0.0,0.0,2845.102
2024-07-03,2024,25.38646,14587.53,14694.04,4278.968,444.714,17.66175,0.0,4741.34375,22.90792,23.25725,2871.59,1081.816,1243.05,0.0,5269.013
2024-07-04,2024,25.18993,14943.0,15022.67,4312.061,506.7634,18.31122,0.0,4837.135619999999,23.24723,23.72416,2871.59,1077.002,1233.771,0.0,5324.146
2024-07-05,2024,25.06319,15290.6,15371.59,4342.653,540.7577,18.89827,0.0,4902.30897,23.34653,23.87575,2871.59,1078.24,1231.628,0.0,5364.391
2024-07-06,2024,25.34132,16534.04,16765.83,4553.426,555.5745,20.93499,0.0,5129.93549,23.38119,23.92668,2871.59,1067.91,1231.33,0.0,5496.073
2024-07-07,2024,25.78924,18241.51,18593.07,4797.82,564.3863,23.50423,0.0,5385.710529999999,23.422,23.99147,2871.59,1060.446,1230.95,0.0,5646.549
2024-07-08,2024,25.71319,16220.43,16307.08,4464.069,373.7352,19.66882,0.0,4857.47302,22.43547,23.17386,273.4755,0.0,0.0,0.0,3109.352
2024-07-09,2024,24.39097,12462.95,12529.66,4039.53,373.6584,14.63296,0.0,4427.82136,21.78877,22.48482,273.4755,0.0,0.0,0.0,2848.983
2024-07-10,2024,25.4125,14318.08,14394.86,4241.578,463.2311,17.41491,0.0,4722.224010000001,23.0094,23.39593,2871.59,1055.748,1239.419,0.0,5241.629
2024-07-11,2024,25.94479,16759.79,16915.86,4581.756,543.3925,21.16465,0.0,5146.31315,23.34734,23.87289,2871.59,1065.792,1231.505,0.0,5504.714
2024-07-12,2024,25.50937,17443.43,17668.08,4665.601,569.455,22.28097,0.0,5257.336969999999,23.44071,24.01499,2871.59,1057.218,1230.388,0.0,5566.799
2024-07-13,2024,25.06875,16446.45,16534.44,4512.787,577.3166,20.73424,0.0,5110.83784,23.46338,24.05515,2871.59,1075.678,1230.388,0.0,5489.207
2024-07-14,2024,25.12292,16401.65,16488.04,4524.359,584.1207,20.75176,0.0,5129.231460000001,23.48217,24.08391,2871.59,1063.206,1230.261,0.0,5492.796
2024-07-15,2024,25.93993,16664.24,16831.29,4541.928,374.4516,20.39592,0.0,4936.77552,22.51879,23.26021,273.4755,0.0,0.0,0.0,3157.409
2024-07-16,2024,26.04688,17719.42,17884.49,4674.178,373.8076,21.86707,0.0,5069.85267,22.02391,22.72902,273.4755,0.0,0.0,0.0,3238.053
2024-07-17,2024,27.14792,20227.29,21419.01,5323.291,515.313,27.22973,0.0,5865.83373,23.18518,23.641,2871.59,1075.62,1234.009,0.0,5946.699
2024-07-18,2024,27.25972,21756.49,23061.27,5596.015,613.5998,30.06634,0.0,6239.681140000001,23.48976,24.08247,2871.59,1082.839,1229.565,0.0,6177.625
2024-07-19,2024,26.75486,20078.55,20466.38,5119.51,651.2839,26.54013,0.0,5797.334030000001,23.57271,24.21729,2871.59,1065.959,1228.884,0.0,5899.333
2024-07-20,2024,26.36667,19379.84,19829.6,5027.405,647.6412,25.62613,0.0,5700.672329999999,23.56889,24.21375,2871.59,1064.334,1229.059,0.0,5839.771
2024-07-21,2024,26.23785,19329.29,19849.7,5032.195,637.076,25.66499,0.0,5694.93599,23.56788,24.2126,2871.59,1050.411,1229.151,0.0,5827.858
2024-07-22,2024,26.63507,17560.98,17839.62,4716.146,374.9147,21.77213,0.0,5112.83283,22.661,23.40758,273.4755,0.0,0.0,0.0,3264.1
2024-07-23,2024,26.51875,15772.37,15856.01,4429.83,374.9778,19.02945,0.0,4823.83725,22.23942,22.94922,273.4755,0.0,0.0,0.0,3088.969
2024-07-24,2024,26.82292,19391.85,20228.65,5096.113,532.4625,25.66916,0.0,5654.24466,23.24571,23.7217,2871.59,1070.445,1232.488,0.0,5815.34
2024-07-25,2024,26.70208,20661.7,21462.52,5272.244,610.2734,27.81721,0.0,5910.33461,23.49147,24.08504,2871.59,1054.21,1229.61,0.0,5960.692
2024-07-26,2024,27.48333,22176.46,23581.66,5726.645,642.4412,30.94108,0.0,6400.02728,23.57024,24.20552,2871.59,1095.261,1229.061,0.0,6282.322
2024-07-27,2024,27.02917,22364.28,24002.97,5830.532,673.8835,31.69966,0.0,6536.11516,23.62796,24.29375,2871.59,1084.287,1228.835,0.0,6358.141
2024-07-28,2024,26.42396,18719.85,18921.06,4894.509,680.2834,24.3686,0.0,5599.161,23.63958,24.31275,2871.59,1067.704,1228.62,0.0,5780.298
2024-07-29,2024,26.75937,15943.41,16086.67,4481.682,378.0556,19.33172,0.0,4879.06932,22.78234,23.51753,273.4755,0.0,0.0,0.0,3122.439
2024-07-30,2024,26.21667,13153.24,13223.17,4110.715,374.8976,15.71037,0.0,4501.32297,22.21608,22.91383,273.4755,0.0,0.0,0.0,2893.525
2024-07-31,2024,25.19792,15306.43,15419.84,4357.866,495.3544,18.90836,0.0,4872.1287600000005,23.16391,23.61483,2871.59,1067.847,1234.418,0.0,5339.804
2024-08-01,2024,27.80556,21314.96,22906.23,5693.769,592.8753,29.62564,0.0,6316.26994,23.43024,23.98664,2871.59,1078.379,1230.935,0.0,6221.335
2024-08-02,2024,27.52847,22682.65,24038.97,5789.841,682.0348,31.65928,0.0,6503.535080000001,23.61144,24.27548,2871.59,1069.221,1228.747,0.0,6329.268
2024-08-03,2024,27.06736,22446.55,23745.9,5684.947,694.2162,31.36427,0.0,6410.52747,23.64055,24.32189,2871.59,1078.501,1228.581,0.0,6278.529
2024-08-04,2024,27.52396,23514.03,25363.66,5962.993,700.6751,33.63319,0.0,6697.30129,23.64802,24.32623,2871.59,1066.85,1228.528,0.0,6445.253
2024-08-05,2024,27.80903,19970.93,20910.0,5223.805,380.3794,25.98951,0.0,5630.17391,22.90628,23.66736,273.4755,0.0,0.0,0.0,3577.608
2024-08-06,2024,27.78437,19292.81,19964.17,5079.558,379.3724,24.65756,0.0,5483.58796,22.51688,23.24588,273.4755,0.0,0.0,0.0,3488.777
2024-08-07,2024,27.15764,18577.38,19186.53,5026.522,569.7422,24.42193,0.0,5620.68613,23.36694,23.89721,2871.59,1096.422,1230.669,0.0,5810.746
2024-08-08,2024,27.4309,21269.57,22246.55,5506.575,660.8464,29.22083,0.0,6196.64223,23.56852,24.21125,2871.59,1077.501,1228.997,0.0,6148.308
2024-08-09,2024,26.5191,20591.25,21455.82,5347.796,669.4869,28.16286,0.0,6045.4457600000005,23.61965,24.28745,2871.59,1066.937,1228.773,0.0,6050.282
2024-08-10,2024,26.81667,20299.48,20837.07,5218.598,669.2713,27.16856,0.0,5915.03786,23.62466,24.29656,2871.59,1085.508,1228.768,0.0,5982.508
2024-08-11,2024,26.86319,20620.57,21290.51,5304.026,683.4611,27.85506,0.0,6015.34216,23.63473,24.3153,2871.59,1080.349,1228.7,0.0,6040.167
2024-08-12,2024,26.94514,17604.29,17884.45,4729.55,376.8921,21.80246,0.0,5128.24456,22.81697,23.5763,273.4755,0.0,0.0,0.0,3273.439
2024-08-13,2024,27.1059,17306.37,17489.88,4682.824,376.6205,21.29355,0.0,5080.73805,22.38326,23.10367,273.4755,0.0,0.0,0.0,3244.65
2024-08-14,2024,27.64792,22316.43,24172.41,5807.876,570.3939,31.30956,0.0,6409.57946,23.32462,23.84192,2871.59,1077.774,1231.13,0.0,6277.513
2024-08-15,2024,27.69062,21675.13,22838.87,5601.984,649.4141,29.86453,0.0,6281.26263,23.54785,24.17064,2871.59,1078.862,1229.069,0.0,6200.414
2024-08-16,2024,26.50729,19096.34,19621.05,5073.332,643.1935,25.37308,0.0,5741.898580000001,23.58854,24.23,2871.59,1122.284,1228.822,0.0,5899.872
2024-08-17,2024,26.47743,18225.64,18442.42,4894.828,647.7386,23.80934,0.0,5566.37594,23.59748,24.24504,2871.59,1111.574,1228.745,0.0,5787.016
2024-08-18,2024,27.66042,21169.63,22122.39,5510.481,680.1259,29.10101,0.0,6219.70791,23.62626,24.29161,2871.59,1098.307,1228.556,0.0,6174.895
2024-08-19,2024,28.01667,18257.83,18639.63,4901.146,382.6176,22.87369,0.0,5306.63729,22.9229,23.68059,273.4755,0.0,0.0,0.0,3381.545
2024-08-20,2024,27.63403,17472.29,17717.59,4750.321,380.3745,21.61252,0.0,5152.3080199999995,22.55417,23.28741,273.4755,0.0,0.0,0.0,3288.021
2024-08-21,2024,27.78437,21988.06,23665.43,5788.77,603.704,30.81349,0.0,6423.287490000001,23.40397,23.95961,2871.59,1093.67,1230.37,0.0,6295.454
2024-08-22,2024,27.88368,24073.89,26198.97,6217.204,703.3896,35.6618,0.0,6956.2554,23.61511,24.28098,2871.59,1095.612,1228.762,0.0,6619.608
2024-08-23,2024,27.17917,21048.7,21707.35,5348.635,690.5628,28.39665,0.0,6067.59445,23.64808,24.3315,2871.59,1091.003,1228.495,0.0,6078.288
2024-08-24,2024,27.46979,20848.58,21516.06,5356.894,689.1875,28.25492,0.0,6074.3364200000005,23.63071,24.30521,2871.59,1077.581,1228.646,0.0,6074.24
2024-08-25,2024,27.73576,21489.46,22405.88,5531.769,689.2383,29.58845,0.0,6250.59575,23.64665,24.32196,2871.59,1099.936,1228.587,0.0,6194.6
2024-08-26,2024,27.59479,18843.65,19601.34,5021.179,380.3047,24.20834,0.0,5425.69204,22.89435,23.65159,273.4755,0.0,0.0,0.0,3453.692
2024-08-27,2024,27.29792,15744.67,15828.79,4473.705,377.1609,19.00594,0.0,4869.87184,22.46321,23.19526,273.4755,0.0,0.0,0.0,3116.865
2024-08-28,2024,26.6809,17179.97,17269.81,4665.641,574.9017,21.71365,0.0,5262.25635,23.3659,23.90428,2871.59,1109.548,1230.609,0.0,5601.491
2024-08-29,2024,27.23021,19860.99,20447.83,5201.122,677.0995,26.67871,0.0,5904.900210000001,23.56475,24.20352,2871.59,1090.957,1229.036,0.0,5979.667
2024-08-30,2024,26.68993,19776.18,20201.82,5096.548,666.763,26.28827,0.0,5789.59927,23.60918,24.26665,2871.59,1083.951,1228.753,0.0,5905.549
2024-08-31,2024,26.04167,18625.73,18753.63,4818.42,653.2642,24.05835,0.0,5495.74255,23.59226,24.25342,2871.59,1096.325,1228.858,0.0,5734.972
2024-09-01,2024,25.68576,18848.75,19424.57,4988.776,606.4368,24.95515,0.0,5620.167949999999,23.54183,24.15825,2871.59,1133.104,1229.511,0.0,5832.661
2024-09-02,2024,26.26597,16304.99,16504.84,4543.657,374.808,19.90425,0.0,4938.36925,22.58634,23.33175,273.4755,0.0,0.0,0.0,3158.375
2024-09-03,2024,25.58264,14459.2,14537.49,4271.591,373.8231,17.22695,0.0,4662.64105,22.05901,22.76923,273.4755,0.0,0.0,0.0,2991.284
2024-09-04,2024,25.49618,16542.34,16901.18,4581.748,496.1278,20.86743,0.0,5098.74323,23.132,23.56154,2871.59,1130.099,1235.133,0.0,5514.856
2024-09-05,2024,25.81944,16311.36,16446.54,4505.538,538.7919,20.37653,0.0,5064.706429999999,23.36065,23.87992,2871.59,1151.794,1231.434,0.0,5507.377
2024-09-06,2024,26.13472,15608.37,15691.32,4439.08,570.4415,19.48068,0.0,5029.0021799999995,23.4289,23.99426,2871.59,1118.303,1230.591,0.0,5465.445
2024-09-07,2024,25.39271,16872.64,17024.15,4596.521,567.8975,21.37654,0.0,5185.79504,23.46855,24.04439,2871.59,1135.867,1230.219,0.0,5571.106
2024-09-08,2024,25.65382,16058.38,16141.93,4472.024,591.4766,20.08237,0.0,5083.58297,23.48558,24.08179,2871.59,1134.733,1229.792,0.0,5508.478
2024-09-09,2024,25.32153,11652.6,11716.35,3916.043,373.7262,13.4794,0.0,4303.2486,22.4323,23.1726,273.4755,0.0,0.0,0.0,2773.492
2024-09-10,2024,24.45382,11273.07,11335.23,3898.818,373.6634,13.02049,0.0,4285.5018900000005,21.76627,22.45744,273.4755,0.0,0.0,0.0,2762.737
2024-09-11,2024,24.80868,12742.75,12811.39,4072.665,460.9431,15.24436,0.0,4548.85246,22.98497,23.35695,2871.59,1159.459,1240.422,0.0,5199.415
2024-09-12,2024,24.25625,12842.32,12911.47,4123.988,499.6022,15.55239,0.0,4639.14259,23.2468,23.71479,2871.59,1151.601,1234.647,0.0,5249.37
2024-09-13,2024,25.27569,15286.76,15599.49,4528.783,535.388,19.31791,0.0,5083.48891,23.334,23.84055,2871.59,1163.504,1232.751,0.0,5525.856
2024-09-14,2024,25.73958,18040.66,18950.94,5019.583,563.6865,24.05437,0.0,5607.323869999999,23.42365,23.97359,2871.59,1152.656,1230.985,0.0,5836.726
2024-09-15,2024,26.09931,18717.82,19302.97,4992.501,588.7922,24.65505,0.0,5605.94825,23.47278,24.0542,2871.59,1142.014,1229.885,0.0,5829.443
2024-09-16,2024,27.22222,18780.47,19584.31,5028.136,376.7131,24.00739,0.0,5428.85649,22.53613,23.26469,273.4755,0.0,0.0,0.0,3455.61
2024-09-17,2024,25.64305,17178.51,17594.1,4705.865,373.9486,21.40849,0.0,5101.222089999999,22.02712,22.72728,273.4755,0.0,0.0,0.0,3257.064
2024-09-18,2024,25.80174,18115.27,19126.17,4986.823,492.9123,23.84766,0.0,5503.582960000001,23.11056,23.52651,2871.59,1169.76,1235.901,0.0,5784.224
2024-09-19,2024,26.19896,18097.97,18482.42,4812.633,549.7965,23.18518,0.0,5385.614680000001,23.36714,23.891,2871.59,1143.757,1230.97,0.0,5696.978
2024-09-20,2024,25.57604,17309.36,17535.93,4681.067,566.4011,22.06874,0.0,5269.53684,23.42679,23.98513,2871.59,1151.012,1230.626,0.0,5631.031
2024-09-21,2024,23.96632,15066.87,15248.06,4382.355,542.5532,18.95337,0.0,4943.86157,23.39622,23.93956,2871.59,1194.007,1231.455,0.0,5459.727
2024-09-22,2024,25.50069,17095.63,17688.88,4797.138,548.7074,22.25099,0.0,5368.096390000001,23.38618,23.9174,2871.59,1156.563,1232.624,0.0,5694.122
2024-09-23,2024,26.39514,15922.2,16095.24,4493.274,374.4321,19.25837,0.0,4886.96447,22.39206,23.11465,273.4755,0.0,0.0,0.0,3127.223
2024-09-24,2024,26.57361,14314.16,14391.37,4291.154,375.3485,17.00009,0.0,4683.50259,21.95929,22.65179,273.4755,0.0,0.0,0.0,3003.926
2024-09-25,2024,24.90347,13326.04,13396.42,4134.224,481.6907,16.06882,0.0,4631.983520000001,23.10624,23.52155,2871.59,1196.678,1236.153,0.0,5272.348
2024-09-26,2024,25.22743,15347.34,15594.91,4429.072,517.7542,19.23292,0.0,4966.059120000001,23.30204,23.79428,2871.59,1170.591,1233.219,0.0,5458.988
2024-09-27,2024,26.08125,16797.27,16886.08,4576.624,563.5843,20.99197,0.0,5161.20027,23.39805,23.94345,2871.59,1145.363,1230.77,0.0,5561.956
2024-09-28,2024,26.16701,17062.3,17271.34,4673.057,586.9731,21.56929,0.0,5281.59939,23.45885,24.03193,2871.59,1175.082,1230.145,0.0,5652.927
2024-09-29,2024,26.35417,18428.81,18794.01,4873.864,603.2485,23.7622,0.0,5500.874699999999,23.49302,24.08837,2871.59,1157.68,1229.919,0.0,5775.262
2024-09-30,2024,25.41736,13463.69,13534.7,4125.149,373.9109,15.86776,0.0,4514.92766,22.47006,23.19501,273.4755,0.0,0.0,0.0,2901.77
2024-10-01,2024,23.86875,8039.899,8082.295,3562.227,373.6584,8.890717,0.0,3944.776117,21.61819,22.30304,273.4755,0.0,0.0,0.0,2556.258
2024-10-02,2024,22.1125,9529.254,9585.306,3666.195,413.7178,10.99799,0.0,4090.91079,22.60663,22.88695,2871.59,1186.755,1255.518,0.0,4938.444
2024-10-03,2024,23.09028,9501.917,9551.152,3734.888,447.4299,10.92883,0.0,4193.24673,22.89766,23.25071,2871.59,1187.168,1246.061,0.0,5000.71
2024-10-04,2024,23.78542,10262.38,10320.8,3860.457,490.3394,12.06758,0.0,4362.86398,23.07972,23.49554,2871.59,1273.269,1238.513,0.0,5155.675
2024-10-05,2024,23.43403,12111.79,12178.07,3980.83,508.3573,14.57943,0.0,4503.766729999999,23.20214,23.67358,2871.59,1252.682,1234.571,0.0,5228.586
2024-10-06,2024,23.15417,9189.902,9236.963,3633.502,503.404,10.56968,0.0,4147.47568,23.22551,23.71435,2871.59,1187.301,1234.693,0.0,4973.053
2024-10-07,2024,21.83889,6302.372,6339.834,3347.622,373.6584,6.850557,0.0,3728.130957,21.64519,22.3424,273.4755,0.0,0.0,0.0,2424.971
2024-10-08,2024,23.51805,10209.67,10267.9,3727.895,373.6584,11.6418,0.0,4113.1952,20.80256,21.42424,273.4755,0.0,0.0,0.0,2658.32
2024-10-09,2024,23.38576,10422.07,10479.79,3751.939,397.3759,11.97324,6.4e-05,4161.2882039999995,22.29962,22.50949,2871.59,1173.913,1271.501,2.056418,4973.696
2024-10-10,2024,23.27396,11173.09,11233.79,3832.316,436.8359,13.08158,0.0,4282.23348,22.80763,23.13383,2871.59,1173.489,1247.791,0.0,5046.347
2024-10-11,2024,23.14236,10832.63,10891.24,3798.033,455.4612,12.68862,0.0,4266.18282,22.96447,23.33766,2871.59,1212.651,1243.285,0.0,5060.353
2024-10-12,2024,23.33924,11112.24,11173.42,3895.778,468.6454,13.15925,0.0,4377.582649999999,23.01657,23.41007,2871.59,1218.765,1242.028,0.010015,5131.567
2024-10-13,2024,24.3316,13710.15,13810.3,4220.271,492.4331,16.79416,0.0,4729.49826,23.14627,23.58415,2871.59,1214.35,1237.689,0.0,5342.15
2024-10-14,2024,25.77361,15057.77,15138.93,4337.676,373.7093,17.98693,0.0,4729.37223,22.00351,22.69883,273.4755,0.0,0.0,0.0,3031.723
2024-10-15,2024,24.77083,15383.05,15466.81,4358.309,373.6584,18.58583,0.0,4750.55323,21.40248,22.06155,273.4755,0.0,0.0,0.0,3044.559
2024-10-16,2024,23.53472,14699.78,14881.75,4241.478,424.7548,17.93135,0.0,4684.16415,22.66908,22.95463,2871.59,1215.21,1250.266,0.0,5315.199
2024-10-17,2024,23.63333,12861.95,12928.52,3981.509,455.1888,15.33171,0.0,4452.02951,22.97312,23.35103,2871.59,1185.708,1240.539,0.0,5156.647
2024-10-18,2024,22.24375,8053.052,8099.834,3521.459,452.6124,9.104277,0.0,3983.1756769999997,22.9657,23.354,2871.59,1185.602,1242.542,0.0,4872.458
2024-10-19,2024,19.86389,5214.71,5242.066,3182.957,430.1798,5.892661,2.4e-05,3619.0294849999996,22.78552,23.13336,2871.59,1201.407,1253.54,0.778793,4661.509
2024-10-20,2024,18.98889,4497.132,4518.913,2687.646,406.8758,5.101934,0.00154,3099.6252740000004,22.45377,22.75139,2871.59,1196.866,1275.714,49.52899,4353.143
2024-10-21,2024,19.28681,4171.66,4194.973,2867.404,373.6584,4.540793,0.006214,3245.609407,20.57879,21.1921,273.4755,0.0,0.0,199.8733,2170.051
2024-10-22,2024,19.16875,3668.839,3689.032,2246.123,373.6584,4.488791,0.039821,2624.310012,20.04701,20.47174,273.4755,0.0,0.0,1281.161,1996.351
2024-10-23,2024,20.54306,4603.257,4630.583,2471.08,376.129,5.281503,0.018293,2852.508796,21.66075,21.6949,2871.59,1286.111,1324.724,589.0694,4358.669
2024-10-24,2024,22.49861,6109.396,6141.163,2970.088,396.3438,7.684654,0.001296,3374.1177500000003,22.24445,22.42982,2871.59,1246.996,1280.593,41.69987,4548.396
2024-10-25,2024,22.72917,6832.991,6869.364,3169.845,428.8795,8.456448,3e-05,3607.180978,22.6747,22.96341,2871.59,1248.018,1256.333,0.972663,4682.612
2024-10-26,2024,21.66493,7494.965,7541.243,3396.111,456.1327,8.66689,0.0,3860.91059,22.87929,23.23537,2871.59,1348.622,1245.48,0.010763,4897.158
2024-10-27,2024,21.51354,8344.512,8386.022,3544.968,437.4431,9.439636,0.0,3991.850736,22.85686,23.21202,2871.59,1230.771,1249.606,0.0,4905.087
2024-10-28,2024,20.45903,4644.58,4673.159,3152.927,373.6584,4.877153,0.000469,3531.463022,21.00696,21.66241,273.4755,0.0,0.0,15.08517,2308.62
2024-10-29,2024,20.96736,4747.782,4776.378,3254.24,373.6584,5.050147,0.011948,3632.9604949999994,20.16669,20.70502,273.4755,0.0,0.0,384.3299,2439.383
2024-10-30,2024,21.21111,5262.854,5290.866,3294.152,377.5432,5.673468,0.011421,3677.380089,21.74955,21.82682,2871.59,1220.92,1313.123,367.3713,4777.453
2024-10-31,2024,20.13056,6297.505,6334.793,2957.946,389.6961,6.966803,0.001742,3354.6106449999997,22.12919,22.31116,2871.59,1229.397,1288.159,56.01866,4528.595
2024-11-01,2024,22.22569,8446.666,8495.287,3575.641,405.8479,9.496602,0.000376,3990.9858780000004,22.40553,22.63422,2871.59,1247.201,1271.16,12.09472,4916.789
2024-11-02,2024,21.23646,7947.386,7989.415,3521.319,415.7614,8.947283,0.000138,3946.0278209999997,22.55471,22.82834,2871.59,1230.569,1261.746,4.426608,4878.027
2024-11-03,2024,18.47326,5098.39,5128.49,2848.72,398.4229,5.539714,0.001361,3252.683975,22.33249,22.5868,2871.59,1260.15,1280.933,43.79306,4483.17
2024-11-04,2024,20.425,5301.559,5331.731,3295.227,373.6584,5.637157,0.010707,3674.5332639999997,20.38939,20.95965,273.4755,0.0,0.0,344.4113,2457.089
2024-11-05,2024,18.37778,3953.36,3974.833,2541.273,373.6584,4.426851,0.050477,2919.408728,20.01182,20.38867,273.4755,0.0,0.0,1623.866,2239.458
2024-11-06,2024,18.22743,3755.008,3779.908,2340.862,374.2746,4.096693,0.025961,2719.259254,21.45225,21.4406,2871.59,1276.371,1343.576,837.853,4318.679
2024-11-07,2024,18.92535,4571.863,4597.116,2290.945,378.8907,5.003685,0.011357,2674.850742,21.75443,21.85493,2871.59,1256.302,1316.866,365.3015,4190.974
2024-11-08,2024,20.5,5154.009,5183.954,3224.058,388.7786,5.471933,0.002879,3618.311412,22.0741,22.24259,2871.59,1236.75,1292.695,92.61432,4699.717
2024-11-09,2024,21.42083,9037.741,9090.481,3607.987,398.4007,10.25489,0.001368,4016.6439580000006,22.28009,22.48457,2871.59,1234.187,1279.631,43.997,4930.434
2024-11-10,2024,20.57708,6950.987,6987.312,3411.391,404.8261,7.629781,0.000344,3823.847225,22.40607,22.64749,2871.59,1248.496,1272.503,11.05532,4816.093
2024-11-11,2024,18.9316,3776.63,3799.292,2695.18,373.6584,3.957368,0.007282,3072.8030499999995,20.57695,21.18194,273.4755,0.0,0.0,234.2199,2071.773
2024-11-12,2024,17.80382,3100.937,3117.363,2033.773,373.6584,3.606599,0.055558,2411.093557,20.04268,20.41786,273.4755,0.0,0.0,1789.858,1962.553
2024-11-13,2024,18.70208,4003.088,4027.628,2375.43,374.3502,4.393481,0.025746,2754.1994269999996,21.45779,21.44307,2871.59,1255.745,1344.55,831.2098,4326.108
2024-11-14,2024,19.49583,5286.875,5317.009,3170.192,380.5748,5.66425,0.006806,3556.4378559999996,21.83503,21.95123,2871.59,1264.485,1310.112,218.9234,4702.72
2024-11-15,2024,17.68542,3827.689,3849.217,2275.692,383.7897,4.122281,0.006897,2663.610878,21.94254,22.09976,2871.59,1278.537,1303.773,221.8645,4170.734
2024-11-16,2024,17.01875,3333.572,3354.505,1921.476,383.4912,3.629786,0.010683,2308.607669,21.89959,22.04868,2871.59,1297.025,1306.557,343.6188,3989.642
2024-11-17,2024,17.75972,3481.071,3501.243,1940.797,382.5049,3.826724,0.013235,2327.141859,21.82406,21.95192,2871.59,1268.898,1314.245,425.7251,3999.229
2024-11-18,2024,17.57187,2647.828,2674.515,1776.301,373.6584,3.7861,0.040323,2153.7858229999997,20.20565,20.67022,273.4755,0.0,0.0,1298.325,1714.432
2024-11-19,2024,17.43299,2516.341,2516.609,1803.865,373.6584,3.437837,0.077715,2181.038952,20.02066,20.26349,273.4755,0.0,0.0,2509.323,1958.083
2024-11-20,2024,16.94375,2442.419,2457.927,1731.652,373.8532,2.998907,0.039878,2108.5439850000002,21.26109,21.19354,2871.59,1284.542,1364.493,1293.955,4039.084
2024-11-21,2024,17.83819,2859.798,2872.385,1833.338,375.5272,3.645307,0.023127,2212.533634,21.50314,21.54236,2871.59,1288.032,1340.323,745.7304,4001.392
2024-11-22,2024,17.53403,3112.998,3130.243,1953.055,377.4012,3.389706,0.017475,2333.863381,21.64886,21.73287,2871.59,1272.13,1327.71,562.2802,4030.873
2024-11-23,2024,17.44167,2712.805,2733.175,1888.224,380.6324,3.060152,0.01319,2271.9297420000003,21.77308,21.88364,2871.59,1281.631,1317.41,424.3035,3973.22
2024-11-24,2024,18.08611,3283.923,3298.683,2131.406,382.7814,3.591774,0.01055,2517.7897239999998,21.84364,21.97065,2871.59,1275.278,1312.507,339.3438,4102.426
2024-11-25,2024,19.09792,4206.207,4231.481,2747.734,373.6584,4.589581,0.02678,3126.008761,20.23867,20.7383,273.4755,0.0,0.0,861.4277,2221.655
2024-11-26,2024,17.53056,2540.684,2555.198,1714.455,373.6584,3.229304,0.072697,2091.4154009999997,20.02162,20.29358,273.4755,0.0,0.0,2344.412,1872.841
2024-11-27,2024,17.3375,2737.838,2751.815,1798.325,373.9351,3.099431,0.035673,2175.395204,21.31747,21.26156,2871.59,1301.486,1358.246,1154.801,4063.764
2024-11-28,2024,17.62639,3811.06,3834.727,2176.133,375.3011,4.183159,0.019534,2555.636793,21.51682,21.56582,2871.59,1292.051,1338.636,628.7808,4189.813
2024-11-29,2024,16.68889,2595.282,2611.494,1889.087,375.9246,2.850974,0.016661,2267.879235,21.60612,21.69271,2871.59,1323.349,1329.028,536.2885,4017.051
2024-11-30,2024,18.05972,3356.145,3375.138,2265.564,376.6744,3.648262,0.017855,2645.904517,21.57833,21.64454,2871.59,1283.352,1333.685,574.4813,4229.059
2024-12-01,2024,17.4316,2943.501,2962.723,1924.01,378.4232,3.244736,0.017472,2305.695408,21.68041,21.77049,2871.59,1283.197,1323.804,562.9795,4020.641
2024-12-02,2024,21.17882,4561.839,4587.116,2645.762,373.6584,5.739997,0.019329,3025.1797260000003,20.27032,20.77248,273.4755,0.0,0.0,621.7542,2115.599
2024-12-03,2024,17.42361,2550.474,2564.825,1883.788,373.6584,3.208756,0.080558,2260.735714,20.00695,20.25323,273.4755,0.0,0.0,2601.59,2023.685
2024-12-04,2024,17.54861,2856.73,2869.858,2324.129,373.8118,3.27735,0.035607,2701.2537569999995,21.22101,21.13171,2871.59,1378.672,1364.484,1151.058,4428.507
2024-12-05,2024,16.32222,1998.007,2009.01,1613.827,374.2112,2.297254,0.03334,1990.368794,21.27869,21.26239,2871.59,1330.225,1359.722,1076.142,3954.302
2024-12-06,2024,15.44028,1643.694,1658.491,1357.399,374.4615,1.914361,0.032253,1733.807114,21.27755,21.26544,2871.59,1397.235,1358.326,1038.655,3832.402
2024-12-07,2024,14.47639,943.9778,961.2892,790.2445,374.4051,1.719392,0.044905,1166.413897,21.17209,21.12922,2871.59,1303.523,1372.375,1450.947,3509.102
2024-12-08,2024,14.62882,1457.968,1465.866,1189.438,374.5265,2.722346,0.059409,1566.746255,21.20821,21.15656,2871.59,1287.558,1369.247,1934.266,3832.68
2024-12-09,2024,14.97257,1269.353,1271.162,1044.981,373.6584,2.472082,0.11138,1421.222862,20.02615,20.17136,273.4755,0.0,0.0,3617.228,1705.433
2024-12-10,2024,16.06701,1802.488,1810.013,1487.747,373.6584,3.786146,0.135546,1865.327092,20.00025,19.95264,273.4755,0.0,0.0,4420.545,2125.23
2024-12-11,2024,16.85556,2192.513,2203.144,1811.133,373.7126,3.436174,0.050861,2188.332635,21.02644,20.84247,2871.59,1314.349,1388.12,1652.618,4172.77
2024-12-12,2024,15.90903,1704.898,1716.984,1397.166,374.0451,2.885207,0.035439,1774.131746,21.21167,21.16813,2871.59,1299.851,1366.161,1142.948,3817.385
2024-12-13,2024,15.05625,1375.84,1368.094,1124.665,374.1365,2.1052,0.052764,1500.959464,21.07764,21.03506,2871.59,1332.394,1382.055,1706.941,3777.346
2024-12-14,2024,15.09618,1221.213,1248.436,1026.298,374.167,2.107395,0.061298,1402.633693,21.02775,20.9922,2871.59,1290.169,1386.911,1986.014,3744.516
2024-12-15,2024,14.78194,1154.453,1145.913,942.0175,374.2969,2.126196,0.059716,1318.500312,21.09494,20.99937,2871.59,1344.305,1378.484,1936.81,3717.109
2024-12-16,2024,14.19444,1119.002,1127.554,926.9256,373.6584,2.75568,0.146017,1303.485697,20.01083,20.04588,273.4755,0.0,0.0,4772.204,1850.712
2024-12-17,2024,15.96597,1851.635,1863.245,1435.868,373.6584,3.384384,0.144642,1813.055426,20.00055,19.91024,273.4755,0.0,0.0,4728.426,2151.3
2024-12-18,2024,16.77847,2154.436,2163.122,1721.226,373.7021,3.209244,0.051952,2098.189296,21.03265,20.85409,2871.59,1295.856,1388.407,1690.173,4113.98
2024-12-19,2024,16.77778,2167.98,2179.902,1784.942,374.02,3.14498,0.032322,2162.139302,21.2308,21.20058,2871.59,1297.764,1364.861,1042.368,4032.388
2024-12-20,2024,16.91319,2249.515,2260.101,1844.844,374.4559,3.09341,0.02813,2222.42144,21.34195,21.34922,2871.59,1290.858,1353.901,906.45,4039.241
2024-12-21,2024,16.95417,2282.299,2294.911,1788.461,374.7872,2.847818,0.026937,2166.1229550000003,21.3771,21.38956,2871.59,1306.018,1350.942,867.5104,4007.007
2024-12-22,2024,15.82778,1774.611,1785.518,1362.465,375.1018,2.355906,0.030379,1739.953085,21.39905,21.42171,2871.59,1321.54,1349.182,978.6617,3779.003
2024-12-23,2024,14.18785,1171.969,1175.732,966.5313,373.6584,2.287474,0.115121,1342.592295,20.04128,20.24659,273.4755,0.0,0.0,3743.252,1681.42
2024-12-24,2024,13.62674,733.1605,747.1786,614.2311,373.6584,2.440843,0.165826,990.496169,19.99996,19.89388,273.4755,0.0,0.0,5439.082,1786.12
2024-12-25,2024,13.14861,817.7607,809.5822,664.8882,373.6655,1.930753,0.110253,1040.594706,20.72286,20.43754,2871.59,1306.189,1425.372,3633.881,3843.903
2024-12-26,2024,13.73507,1066.987,1082.167,889.6138,373.8066,2.505956,0.089309,1266.015665,20.89429,20.7089,2871.59,1291.181,1404.127,2947.696,3842.711
2024-12-27,2024,14.34688,1278.215,1280.848,1030.614,373.9515,2.301212,0.072124,1406.9388360000003,20.9982,20.86119,2871.59,1330.758,1392.241,2348.807,3839.767
2024-12-28,2024,15.06597,1831.029,1842.239,1229.409,374.1731,2.94565,0.063125,1606.5908749999999,21.13375,21.05336,2871.59,1273.967,1377.569,2053.692,3870.989
2024-12-29,2024,13.87604,1477.646,1482.516,1113.714,374.4072,2.678881,0.072059,1490.8721400000002,21.20143,21.16646,2871.59,1280.537,1371.021,2355.656,3861.481
2024-12-30,2024,14.68681,1327.329,1336.472,1098.58,373.6584,2.515862,0.110242,1474.864504,20.0331,20.21699,273.4755,0.0,0.0,3583.369,1731.59
2024-12-31,2024,14.19722,1283.209,1270.972,1026.721,373.6584,2.823123,0.164483,1403.367006,19.99986,19.91711,273.4755,0.0,0.0,5401.713,2029.311
